platform,product_id,name,current_price,original_price,rating,review_count,store_name,category,crawled_at,source_keyword,details,image_url,detail_url,crawl_timestamp,search_keyword
JD.com,JD_TRA_001_0000,trampoline JD商品 1-0,2702,3331.14,4.4,76559,JD自营,电子产品,2026-02-06 21:48:34,trampoline,,,,,
JD.com,JD_TRA_001_0001,trampoline JD商品 1-1,2629,3058.02,3.7,5755,品牌旗舰店,图书,2026-02-06 21:48:34,trampoline,,,,,
JD.com,JD_TRA_001_0002,trampoline JD商品 1-2,3409,3962.63,4.4,44355,授权专卖店,电子产品,2026-02-06 21:48:34,trampoline,,,,,
JD.com,JD_TRA_001_0003,trampoline JD商品 1-3,4194,5044.92,3.7,61622,品牌旗舰店,家居,2026-02-06 21:48:34,trampoline,,,,,
JD.com,JD_TRA_001_0004,trampoline JD商品 1-4,3978,4444.55,4.2,1933,授权专卖店,服装,2026-02-06 21:48:34,trampoline,,,,,
JD.com,JD_TRA_001_0005,trampoline JD商品 1-5,4373,5594.82,3.7,51070,授权专卖店,电子产品,2026-02-06 21:48:34,trampoline,,,,,
JD.com,JD_TRA_001_0006,trampoline JD商品 1-6,1846,2359.16,4.0,28703,JD自营,服装,2026-02-06 21:48:34,trampoline,,,,,
JD.com,JD_TRA_001_0007,trampoline JD商品 1-7,3022,3801.64,4.7,38373,品牌旗舰店,家居,2026-02-06 21:48:34,trampoline,,,,,
JD.com,JD_TRA_001_0008,trampoline JD商品 1-8,921,1153.6,4.7,48413,品牌旗舰店,服装,2026-02-06 21:48:34,trampoline,,,,,
JD.com,JD_TRA_001_0009,trampoline JD商品 1-9,2466,2713.46,4.6,26968,JD自营,服装,2026-02-06 21:48:34,trampoline,,,,,
JD.com,JD_TRA_002_0000,trampoline JD商品 2-0,3065,3490.2,4.1,57488,授权专卖店,图书,2026-02-06 21:48:39,trampoline,,,,,
JD.com,JD_TRA_002_0001,trampoline JD商品 2-1,2543,3016.85,4.8,5837,品牌旗舰店,运动户外,2026-02-06 21:48:39,trampoline,,,,,
JD.com,JD_TRA_002_0002,trampoline JD商品 2-2,4271,4926.45,4.5,88194,品牌旗舰店,服装,2026-02-06 21:48:39,trampoline,,,,,
JD.com,JD_TRA_002_0003,trampoline JD商品 2-3,1012,1236.38,4.4,36018,品牌旗舰店,服装,2026-02-06 21:48:39,trampoline,,,,,
JD.com,JD_TRA_002_0004,trampoline JD商品 2-4,3372,3990.7,4.2,94819,品牌旗舰店,运动户外,2026-02-06 21:48:39,trampoline,,,,,
JD.com,JD_TRA_002_0005,trampoline JD商品 2-5,4927,6106.83,4.2,9261,品牌旗舰店,家居,2026-02-06 21:48:39,trampoline,,,,,
JD.com,JD_TRA_002_0006,trampoline JD商品 2-6,1182,1418.59,3.5,40710,品牌旗舰店,服装,2026-02-06 21:48:39,trampoline,,,,,
JD.com,JD_TRA_003_0000,trampoline JD商品 3-0,2039,2455.36,4.5,40547,JD自营,运动户外,2026-02-06 21:48:44,trampoline,,,,,
JD.com,JD_TRA_003_0001,trampoline JD商品 3-1,4112,5257.39,4.8,14310,授权专卖店,图书,2026-02-06 21:48:44,trampoline,,,,,
JD.com,JD_TRA_003_0002,trampoline JD商品 3-2,3614,4360.93,3.6,44589,JD自营,电子产品,2026-02-06 21:48:44,trampoline,,,,,
JD.com,JD_TRA_003_0003,trampoline JD商品 3-3,1791,2137.89,4.0,95386,JD自营,服装,2026-02-06 21:48:44,trampoline,,,,,
JD.com,JD_TRA_003_0004,trampoline JD商品 3-4,2215,2594.28,4.2,40229,JD自营,图书,2026-02-06 21:48:44,trampoline,,,,,
JD.com,JD_TRA_003_0005,trampoline JD商品 3-5,3383,4190.92,4.6,37461,JD自营,服装,2026-02-06 21:48:44,trampoline,,,,,
JD.com,JD_TRA_003_0006,trampoline JD商品 3-6,3798,4566.44,4.5,57662,JD自营,服装,2026-02-06 21:48:44,trampoline,,,,,
JD.com,JD_TRA_003_0007,trampoline JD商品 3-7,2288,2841.43,4.6,12445,JD自营,家居,2026-02-06 21:48:44,trampoline,,,,,
JD.com,JD_TRA_004_0000,trampoline JD商品 4-0,3690,4331.13,4.6,80605,品牌旗舰店,服装,2026-02-06 21:48:49,trampoline,,,,,
JD.com,JD_TRA_004_0001,trampoline JD商品 4-1,4814,5607.88,3.9,56399,品牌旗舰店,电子产品,2026-02-06 21:48:49,trampoline,,,,,
JD.com,JD_TRA_004_0002,trampoline JD商品 4-2,4691,6028.16,4.4,82887,授权专卖店,家居,2026-02-06 21:48:49,trampoline,,,,,
JD.com,JD_TRA_004_0003,trampoline JD商品 4-3,3835,4354.04,3.9,40951,JD自营,图书,2026-02-06 21:48:49,trampoline,,,,,
JD.com,JD_TRA_004_0004,trampoline JD商品 4-4,978,1099.92,4.1,88524,授权专卖店,图书,2026-02-06 21:48:49,trampoline,,,,,
JD.com,JD_TRA_004_0005,trampoline JD商品 4-5,4430,5286.04,4.1,14523,JD自营,服装,2026-02-06 21:48:49,trampoline,,,,,
JD.com,JD_TRA_004_0006,trampoline JD商品 4-6,1114,1387.01,3.9,41479,品牌旗舰店,运动户外,2026-02-06 21:48:49,trampoline,,,,,
JD.com,JD_TRA_004_0007,trampoline JD商品 4-7,3404,4139.91,4.8,38076,JD自营,电子产品,2026-02-06 21:48:49,trampoline,,,,,
JD.com,JD_TRA_005_0000,trampoline JD商品 5-0,920,1094.92,4.2,50428,授权专卖店,电子产品,2026-02-06 21:48:54,trampoline,,,,,
JD.com,JD_TRA_005_0001,trampoline JD商品 5-1,3725,4235.84,4.0,74772,品牌旗舰店,家居,2026-02-06 21:48:54,trampoline,,,,,
JD.com,JD_TRA_005_0002,trampoline JD商品 5-2,3982,5003.99,4.5,63183,授权专卖店,运动户外,2026-02-06 21:48:54,trampoline,,,,,
JD.com,JD_TRA_005_0003,trampoline JD商品 5-3,1025,1285.56,4.4,12303,JD自营,图书,2026-02-06 21:48:54,trampoline,,,,,
JD.com,JD_TRA_005_0004,trampoline JD商品 5-4,2325,2584.65,4.0,51500,JD自营,图书,2026-02-06 21:48:54,trampoline,,,,,
JD.com,JD_TRA_005_0005,trampoline JD商品 5-5,4562,5753.11,3.7,54763,品牌旗舰店,电子产品,2026-02-06 21:48:54,trampoline,,,,,
JD.com,JD_TRA_005_0006,trampoline JD商品 5-6,1636,1865.21,4.1,16570,JD自营,电子产品,2026-02-06 21:48:54,trampoline,,,,,
JD.com,JD_TRA_006_0000,trampoline JD商品 6-0,4899,6249.88,4.5,60333,品牌旗舰店,运动户外,2026-02-06 21:48:59,trampoline,,,,,
JD.com,JD_TRA_006_0001,trampoline JD商品 6-1,3703,4454.09,4.2,84809,品牌旗舰店,运动户外,2026-02-06 21:48:59,trampoline,,,,,
JD.com,JD_TRA_006_0002,trampoline JD商品 6-2,1386,1611.9,4.4,9767,JD自营,运动户外,2026-02-06 21:48:59,trampoline,,,,,
JD.com,JD_TRA_006_0003,trampoline JD商品 6-3,2565,2988.1,3.7,15775,授权专卖店,家居,2026-02-06 21:48:59,trampoline,,,,,
JD.com,JD_TRA_006_0004,trampoline JD商品 6-4,2742,3089.45,3.9,21142,JD自营,服装,2026-02-06 21:48:59,trampoline,,,,,
JD.com,JD_TRA_006_0005,trampoline JD商品 6-5,1427,1781.43,4.8,45417,授权专卖店,运动户外,2026-02-06 21:48:59,trampoline,,,,,
JD.com,JD_TRA_006_0006,trampoline JD商品 6-6,3695,4319.4,4.9,16483,JD自营,电子产品,2026-02-06 21:48:59,trampoline,,,,,
JD.com,JD_TRA_006_0007,trampoline JD商品 6-7,1734,2222.89,3.9,60092,品牌旗舰店,电子产品,2026-02-06 21:48:59,trampoline,,,,,
JD.com,JD_TRA_007_0000,trampoline JD商品 7-0,4841,6033.79,4.5,71435,品牌旗舰店,电子产品,2026-02-06 21:49:04,trampoline,,,,,
JD.com,JD_TRA_007_0001,trampoline JD商品 7-1,4639,5445.2,5.0,52456,授权专卖店,服装,2026-02-06 21:49:04,trampoline,,,,,
JD.com,JD_TRA_007_0002,trampoline JD商品 7-2,4315,5153.02,3.7,47384,品牌旗舰店,电子产品,2026-02-06 21:49:04,trampoline,,,,,
JD.com,JD_TRA_007_0003,trampoline JD商品 7-3,4047,4503.08,4.9,24674,品牌旗舰店,家居,2026-02-06 21:49:04,trampoline,,,,,
JD.com,JD_TRA_007_0004,trampoline JD商品 7-4,2006,2442.95,4.2,83907,品牌旗舰店,电子产品,2026-02-06 21:49:04,trampoline,,,,,
JD.com,JD_TRA_007_0005,trampoline JD商品 7-5,2999,3588.31,3.7,81383,JD自营,图书,2026-02-06 21:49:04,trampoline,,,,,
JD.com,JD_TRA_007_0006,trampoline JD商品 7-6,4633,5850.02,4.3,97459,品牌旗舰店,家居,2026-02-06 21:49:04,trampoline,,,,,
JD.com,JD_TRA_007_0007,trampoline JD商品 7-7,4245,5474.67,4.9,2589,授权专卖店,图书,2026-02-06 21:49:04,trampoline,,,,,
JD.com,JD_TRA_007_0008,trampoline JD商品 7-8,4719,5890.12,3.6,82452,品牌旗舰店,电子产品,2026-02-06 21:49:04,trampoline,,,,,
JD.com,JD_TRA_008_0000,trampoline JD商品 8-0,1556,1849.67,4.4,10440,JD自营,电子产品,2026-02-06 21:49:09,trampoline,,,,,
JD.com,JD_TRA_008_0001,trampoline JD商品 8-1,2753,3322.9,4.7,68641,授权专卖店,家居,2026-02-06 21:49:09,trampoline,,,,,
JD.com,JD_TRA_008_0002,trampoline JD商品 8-2,4547,5700.17,4.0,95951,授权专卖店,图书,2026-02-06 21:49:09,trampoline,,,,,
JD.com,JD_TRA_008_0003,trampoline JD商品 8-3,3775,4596.93,4.7,10389,授权专卖店,服装,2026-02-06 21:49:09,trampoline,,,,,
JD.com,JD_TRA_008_0004,trampoline JD商品 8-4,569,660.79,4.4,39091,JD自营,运动户外,2026-02-06 21:49:09,trampoline,,,,,
JD.com,JD_TRA_008_0005,trampoline JD商品 8-5,3333,4076.04,4.8,82615,授权专卖店,电子产品,2026-02-06 21:49:09,trampoline,,,,,
JD.com,JD_TRA_009_0000,trampoline JD商品 9-0,642,826.79,3.5,13116,授权专卖店,电子产品,2026-02-06 21:49:14,trampoline,,,,,
JD.com,JD_TRA_009_0001,trampoline JD商品 9-1,1773,2137.0,4.7,88239,品牌旗舰店,电子产品,2026-02-06 21:49:14,trampoline,,,,,
JD.com,JD_TRA_009_0002,trampoline JD商品 9-2,3327,4039.18,4.7,59992,JD自营,家居,2026-02-06 21:49:14,trampoline,,,,,
JD.com,JD_TRA_009_0003,trampoline JD商品 9-3,922,1183.73,3.8,24501,授权专卖店,图书,2026-02-06 21:49:14,trampoline,,,,,
JD.com,JD_TRA_009_0004,trampoline JD商品 9-4,2420,2694.81,5.0,71383,品牌旗舰店,家居,2026-02-06 21:49:14,trampoline,,,,,
JD.com,JD_TRA_009_0005,trampoline JD商品 9-5,919,1136.95,3.7,28728,JD自营,服装,2026-02-06 21:49:14,trampoline,,,,,
JD.com,JD_TRA_009_0006,trampoline JD商品 9-6,1544,2006.64,4.3,7568,授权专卖店,运动户外,2026-02-06 21:49:14,trampoline,,,,,
JD.com,JD_TRA_009_0007,trampoline JD商品 9-7,2717,3230.56,4.5,99153,JD自营,图书,2026-02-06 21:49:14,trampoline,,,,,
JD.com,JD_TRA_010_0000,trampoline JD商品 10-0,2707,3087.09,3.6,30382,JD自营,家居,2026-02-06 21:49:19,trampoline,,,,,
JD.com,JD_TRA_010_0001,trampoline JD商品 10-1,4312,5516.83,4.8,73979,品牌旗舰店,电子产品,2026-02-06 21:49:19,trampoline,,,,,
JD.com,JD_TRA_010_0002,trampoline JD商品 10-2,3472,4060.46,4.5,28352,JD自营,运动户外,2026-02-06 21:49:19,trampoline,,,,,
JD.com,JD_TRA_010_0003,trampoline JD商品 10-3,2323,2993.49,4.4,30905,JD自营,电子产品,2026-02-06 21:49:19,trampoline,,,,,
JD.com,JD_TRA_010_0004,trampoline JD商品 10-4,1921,2275.87,4.1,24012,JD自营,图书,2026-02-06 21:49:19,trampoline,,,,,
JD.com,JD_TRA_010_0005,trampoline JD商品 10-5,4643,5729.05,4.0,44726,授权专卖店,运动户外,2026-02-06 21:49:19,trampoline,,,,,
JD.com,JD_TRA_010_0006,trampoline JD商品 10-6,4944,5795.66,4.2,92326,授权专卖店,家居,2026-02-06 21:49:19,trampoline,,,,,
JD.com,JD_TRA_010_0007,trampoline JD商品 10-7,4085,4808.38,3.9,38746,品牌旗舰店,家居,2026-02-06 21:49:19,trampoline,,,,,
JD.com,JD_TRA_010_0008,trampoline JD商品 10-8,4868,6193.45,4.6,92270,授权专卖店,运动户外,2026-02-06 21:49:19,trampoline,,,,,
JD.com,JD_TRA_010_0009,trampoline JD商品 10-9,1689,1917.31,4.4,14607,授权专卖店,运动户外,2026-02-06 21:49:19,trampoline,,,,,
JD.com,JD_TRA_011_0000,trampoline JD商品 11-0,597,717.73,3.7,79405,JD自营,服装,2026-02-06 21:49:24,trampoline,,,,,
JD.com,JD_TRA_011_0001,trampoline JD商品 11-1,2690,3302.48,4.8,98763,品牌旗舰店,图书,2026-02-06 21:49:24,trampoline,,,,,
JD.com,JD_TRA_011_0002,trampoline JD商品 11-2,1734,1925.71,5.0,71976,品牌旗舰店,服装,2026-02-06 21:49:24,trampoline,,,,,
JD.com,JD_TRA_011_0003,trampoline JD商品 11-3,1626,1870.87,3.8,92406,授权专卖店,电子产品,2026-02-06 21:49:24,trampoline,,,,,
JD.com,JD_TRA_011_0004,trampoline JD商品 11-4,2362,2647.21,4.7,16013,品牌旗舰店,家居,2026-02-06 21:49:24,trampoline,,,,,
JD.com,JD_TRA_011_0005,trampoline JD商品 11-5,4517,5456.08,4.6,74165,授权专卖店,电子产品,2026-02-06 21:49:24,trampoline,,,,,
JD.com,JD_TRA_011_0006,trampoline JD商品 11-6,1214,1464.17,4.3,99148,授权专卖店,电子产品,2026-02-06 21:49:24,trampoline,,,,,
JD.com,JD_TRA_012_0000,trampoline JD商品 12-0,3542,4064.97,4.7,37239,品牌旗舰店,服装,2026-02-06 21:49:29,trampoline,,,,,
JD.com,JD_TRA_012_0001,trampoline JD商品 12-1,4519,5309.35,3.5,41757,授权专卖店,服装,2026-02-06 21:49:29,trampoline,,,,,
JD.com,JD_TRA_012_0002,trampoline JD商品 12-2,3592,4055.99,4.5,26479,授权专卖店,运动户外,2026-02-06 21:49:29,trampoline,,,,,
JD.com,JD_TRA_012_0003,trampoline JD商品 12-3,2916,3759.67,4.8,22141,授权专卖店,图书,2026-02-06 21:49:29,trampoline,,,,,
JD.com,JD_TRA_012_0004,trampoline JD商品 12-4,3667,4085.31,3.8,92140,授权专卖店,电子产品,2026-02-06 21:49:29,trampoline,,,,,
JD.com,JD_TRA_012_0005,trampoline JD商品 12-5,991,1251.37,4.7,6984,品牌旗舰店,服装,2026-02-06 21:49:29,trampoline,,,,,
JD.com,JD_TRA_012_0006,trampoline JD商品 12-6,3644,4368.54,4.3,22109,JD自营,家居,2026-02-06 21:49:29,trampoline,,,,,
JD.com,JD_TRA_012_0007,trampoline JD商品 12-7,2970,3552.36,5.0,10605,JD自营,家居,2026-02-06 21:49:29,trampoline,,,,,
JD.com,JD_ROS_011_0000,rose flower lego JD商品 11-0,1883,2389.68,4.4,82671,授权专卖店,图书,2026-02-10 19:01:15,rose flower lego,,,,,
JD.com,JD_ROS_011_0001,rose flower lego JD商品 11-1,4737,6102.7,4.0,6573,授权专卖店,家居,2026-02-10 19:01:15,rose flower lego,,,,,
JD.com,JD_ROS_011_0002,rose flower lego JD商品 11-2,4198,5177.41,3.9,88238,品牌旗舰店,服装,2026-02-10 19:01:15,rose flower lego,,,,,
JD.com,JD_ROS_011_0003,rose flower lego JD商品 11-3,3871,4380.6,3.7,11476,JD自营,家居,2026-02-10 19:01:15,rose flower lego,,,,,
JD.com,JD_ROS_011_0004,rose flower lego JD商品 11-4,1846,2262.28,4.0,60915,授权专卖店,电子产品,2026-02-10 19:01:15,rose flower lego,,,,,
JD.com,JD_ROS_011_0005,rose flower lego JD商品 11-5,1238,1528.7,4.9,93324,品牌旗舰店,家居,2026-02-10 19:01:15,rose flower lego,,,,,
JD.com,JD_ROS_011_0006,rose flower lego JD商品 11-6,656,845.28,3.8,60709,授权专卖店,电子产品,2026-02-10 19:01:15,rose flower lego,,,,,
JD.com,JD_ROS_011_0007,rose flower lego JD商品 11-7,3414,4072.72,4.9,86305,品牌旗舰店,家居,2026-02-10 19:01:15,rose flower lego,,,,,
JD.com,JD_ROS_011_0008,rose flower lego JD商品 11-8,1039,1238.49,4.4,51915,授权专卖店,家居,2026-02-10 19:01:15,rose flower lego,,,,,
JD.com,JD_ROS_012_0000,rose flower lego JD商品 12-0,2190,2741.63,4.2,74393,授权专卖店,电子产品,2026-02-10 19:01:20,rose flower lego,,,,,
JD.com,JD_ROS_012_0001,rose flower lego JD商品 12-1,3265,4198.31,4.8,53436,JD自营,运动户外,2026-02-10 19:01:20,rose flower lego,,,,,
JD.com,JD_ROS_012_0002,rose flower lego JD商品 12-2,3335,3792.74,3.7,80963,品牌旗舰店,电子产品,2026-02-10 19:01:20,rose flower lego,,,,,
JD.com,JD_ROS_012_0003,rose flower lego JD商品 12-3,3631,4369.26,4.0,62111,品牌旗舰店,图书,2026-02-10 19:01:20,rose flower lego,,,,,
JD.com,JD_ROS_012_0004,rose flower lego JD商品 12-4,1838,2078.16,3.8,17928,JD自营,家居,2026-02-10 19:01:20,rose flower lego,,,,,
JD.com,JD_ROS_012_0005,rose flower lego JD商品 12-5,1641,1830.9,4.2,5823,品牌旗舰店,家居,2026-02-10 19:01:20,rose flower lego,,,,,
JD.com,JD_ROS_003_0007,rose flower lego JD商品 3-7,4047,4655.97,3.5,8076,JD自营,图书,2026-02-10 19:11:45,rose flower lego,,,,,
JD.com,JD_ROS_003_0008,rose flower lego JD商品 3-8,2053,2402.74,4.0,39926,JD自营,图书,2026-02-10 19:11:45,rose flower lego,,,,,
JD.com,JD_ROS_003_0009,rose flower lego JD商品 3-9,3597,4058.48,4.7,79585,品牌旗舰店,家居,2026-02-10 19:11:45,rose flower lego,,,,,
JD.com,JD_ROS_006_0008,rose flower lego JD商品 6-8,3001,3746.98,3.8,80437,品牌旗舰店,服装,2026-02-10 19:12:00,rose flower lego,,,,,
JD.com,JD_ROS_008_0007,rose flower lego JD商品 8-7,2680,3430.98,4.9,9949,品牌旗舰店,运动户外,2026-02-10 19:12:10,rose flower lego,,,,,
JD.com,JD_ROS_008_0008,rose flower lego JD商品 8-8,1700,1981.54,4.3,18651,JD自营,运动户外,2026-02-10 19:12:10,rose flower lego,,,,,
JD.com,JD_ROS_008_0009,rose flower lego JD商品 8-9,1701,2168.04,3.9,60699,授权专卖店,服装,2026-02-10 19:12:10,rose flower lego,,,,,
JD.com,JD_ROS_009_0007,rose flower lego JD商品 9-7,2492,3142.76,3.8,1108,品牌旗舰店,运动户外,2026-02-10 19:12:15,rose flower lego,,,,,
JD.com,JD_ROS_009_0008,rose flower lego JD商品 9-8,4619,5836.39,3.7,67435,JD自营,图书,2026-02-10 19:12:15,rose flower lego,,,,,
JD.com,JD_ROS_009_0009,rose flower lego JD商品 9-9,4393,5482.15,4.8,29607,品牌旗舰店,电子产品,2026-02-10 19:12:15,rose flower lego,,,,,
JD.com,JD_FLO_001_0007,flower vase JD商品 1-7,3593,4506.98,4.3,37562,品牌旗舰店,服装,2026-02-10 19:31:30,flower vase,,,,,
JD.com,JD_FLO_001_0008,flower vase JD商品 1-8,1834,2253.91,4.5,73308,JD自营,家居,2026-02-10 19:31:30,flower vase,,,,,
JD.com,JD_FLO_001_0009,flower vase JD商品 1-9,579,661.52,3.5,94398,品牌旗舰店,服装,2026-02-10 19:31:30,flower vase,,,,,
JD.com,JD_FLO_005_0008,flower vase JD商品 5-8,1246,1609.97,4.4,3048,品牌旗舰店,运动户外,2026-02-10 19:31:50,flower vase,,,,,
JD.com,JD_FLO_005_0009,flower vase JD商品 5-9,1576,1812.78,4.0,91146,品牌旗舰店,电子产品,2026-02-10 19:31:50,flower vase,,,,,
JD.com,JD_FLO_009_0008,flower vase JD商品 9-8,2085,2470.18,4.7,24915,品牌旗舰店,电子产品,2026-02-10 19:32:10,flower vase,,,,,
JD.com,JD_FLO_001_0000,flower vase JD商品 1-0,1244,1563.28,4.8,72000,品牌旗舰店,运动户外,2026-02-10 19:39:48,flower vase,,,,,
JD.com,JD_FLO_001_0001,flower vase JD商品 1-1,3423,4286.85,4.0,60329,授权专卖店,家居,2026-02-10 19:39:48,flower vase,,,,,
JD.com,JD_FLO_001_0002,flower vase JD商品 1-2,4917,6267.04,4.2,21366,授权专卖店,电子产品,2026-02-10 19:39:48,flower vase,,,,,
JD.com,JD_FLO_001_0003,flower vase JD商品 1-3,3409,3766.11,4.2,39349,授权专卖店,家居,2026-02-10 19:39:48,flower vase,,,,,
JD.com,JD_FLO_001_0004,flower vase JD商品 1-4,1863,2120.68,3.8,63429,授权专卖店,家居,2026-02-10 19:39:48,flower vase,,,,,
JD.com,JD_FLO_001_0005,flower vase JD商品 1-5,3484,3966.51,4.7,61683,JD自营,服装,2026-02-10 19:39:48,flower vase,,,,,
JD.com,JD_FLO_001_0006,flower vase JD商品 1-6,4660,5161.94,4.9,96704,JD自营,电子产品,2026-02-10 19:39:48,flower vase,,,,,
JD.com,JD_FLO_002_0000,flower vase JD商品 2-0,532,680.98,3.9,26687,品牌旗舰店,图书,2026-02-10 19:39:53,flower vase,,,,,
JD.com,JD_FLO_002_0001,flower vase JD商品 2-1,637,758.5,4.1,63086,JD自营,运动户外,2026-02-10 19:39:53,flower vase,,,,,
JD.com,JD_FLO_002_0002,flower vase JD商品 2-2,3002,3369.86,4.1,81171,品牌旗舰店,运动户外,2026-02-10 19:39:53,flower vase,,,,,
JD.com,JD_FLO_002_0003,flower vase JD商品 2-3,3222,4059.06,3.6,6798,品牌旗舰店,电子产品,2026-02-10 19:39:53,flower vase,,,,,
JD.com,JD_FLO_002_0004,flower vase JD商品 2-4,2050,2483.56,4.9,55127,授权专卖店,图书,2026-02-10 19:39:53,flower vase,,,,,
JD.com,JD_FLO_002_0005,flower vase JD商品 2-5,2004,2227.23,3.5,16466,JD自营,家居,2026-02-10 19:39:53,flower vase,,,,,
JD.com,JD_FLO_003_0000,flower vase JD商品 3-0,3558,4143.26,3.8,27921,授权专卖店,家居,2026-02-10 19:39:58,flower vase,,,,,
JD.com,JD_FLO_003_0001,flower vase JD商品 3-1,967,1174.82,4.9,67510,授权专卖店,运动户外,2026-02-10 19:39:58,flower vase,,,,,
JD.com,JD_FLO_003_0002,flower vase JD商品 3-2,1847,2137.46,5.0,93335,JD自营,电子产品,2026-02-10 19:39:58,flower vase,,,,,
JD.com,JD_FLO_003_0003,flower vase JD商品 3-3,792,998.81,3.9,8044,JD自营,电子产品,2026-02-10 19:39:58,flower vase,,,,,
JD.com,JD_FLO_003_0004,flower vase JD商品 3-4,3153,3644.31,4.2,23584,品牌旗舰店,运动户外,2026-02-10 19:39:58,flower vase,,,,,
JD.com,JD_FLO_003_0005,flower vase JD商品 3-5,2781,3473.63,3.9,99420,JD自营,运动户外,2026-02-10 19:39:58,flower vase,,,,,
JD.com,JD_FLO_003_0006,flower vase JD商品 3-6,3060,3560.39,4.4,64075,品牌旗舰店,运动户外,2026-02-10 19:39:58,flower vase,,,,,
JD.com,JD_FLO_004_0000,flower vase JD商品 4-0,651,724.11,4.9,93361,授权专卖店,图书,2026-02-10 19:40:03,flower vase,,,,,
JD.com,JD_FLO_004_0001,flower vase JD商品 4-1,1403,1714.37,3.8,95107,JD自营,电子产品,2026-02-10 19:40:03,flower vase,,,,,
JD.com,JD_FLO_004_0002,flower vase JD商品 4-2,1576,1860.71,3.8,26688,JD自营,家居,2026-02-10 19:40:03,flower vase,,,,,
JD.com,JD_FLO_004_0003,flower vase JD商品 4-3,1605,1975.0,3.6,93613,授权专卖店,服装,2026-02-10 19:40:03,flower vase,,,,,
JD.com,JD_FLO_004_0004,flower vase JD商品 4-4,2811,3499.63,4.3,2262,JD自营,服装,2026-02-10 19:40:03,flower vase,,,,,
JD.com,JD_FLO_004_0005,flower vase JD商品 4-5,1731,1971.51,4.8,78308,授权专卖店,家居,2026-02-10 19:40:03,flower vase,,,,,
JD.com,JD_FLO_004_0006,flower vase JD商品 4-6,4933,6275.28,4.6,98065,品牌旗舰店,电子产品,2026-02-10 19:40:03,flower vase,,,,,
JD.com,JD_FLO_004_0007,flower vase JD商品 4-7,1127,1388.58,3.9,35535,品牌旗舰店,图书,2026-02-10 19:40:03,flower vase,,,,,
JD.com,JD_FLO_004_0008,flower vase JD商品 4-8,4670,5776.13,3.8,66078,JD自营,运动户外,2026-02-10 19:40:03,flower vase,,,,,
JD.com,JD_FLO_005_0000,flower vase JD商品 5-0,2116,2349.31,3.9,41854,JD自营,图书,2026-02-10 19:40:08,flower vase,,,,,
JD.com,JD_FLO_005_0001,flower vase JD商品 5-1,3606,4481.62,3.9,71301,JD自营,家居,2026-02-10 19:40:08,flower vase,,,,,
JD.com,JD_FLO_005_0002,flower vase JD商品 5-2,1760,2198.9,4.7,86938,JD自营,电子产品,2026-02-10 19:40:08,flower vase,,,,,
JD.com,JD_FLO_005_0003,flower vase JD商品 5-3,3752,4533.1,3.6,61651,授权专卖店,服装,2026-02-10 19:40:08,flower vase,,,,,
JD.com,JD_FLO_005_0004,flower vase JD商品 5-4,4711,5361.94,3.9,35820,授权专卖店,运动户外,2026-02-10 19:40:08,flower vase,,,,,
JD.com,JD_FLO_005_0005,flower vase JD商品 5-5,2160,2383.71,4.9,37983,JD自营,运动户外,2026-02-10 19:40:08,flower vase,,,,,
JD.com,JD_FLO_005_0006,flower vase JD商品 5-6,2826,3378.64,4.7,22351,JD自营,图书,2026-02-10 19:40:08,flower vase,,,,,
JD.com,JD_FLO_005_0007,flower vase JD商品 5-7,3863,4254.16,3.8,46557,授权专卖店,电子产品,2026-02-10 19:40:08,flower vase,,,,,
JD.com,JD_FLO_006_0000,flower vase JD商品 6-0,3385,3903.32,3.6,92240,JD自营,运动户外,2026-02-10 19:40:13,flower vase,,,,,
JD.com,JD_FLO_006_0001,flower vase JD商品 6-1,1806,2312.59,3.9,51044,品牌旗舰店,图书,2026-02-10 19:40:13,flower vase,,,,,
JD.com,JD_FLO_006_0002,flower vase JD商品 6-2,4377,5016.59,4.5,3583,JD自营,家居,2026-02-10 19:40:13,flower vase,,,,,
JD.com,JD_FLO_006_0003,flower vase JD商品 6-3,4246,4848.0,4.7,64600,品牌旗舰店,家居,2026-02-10 19:40:13,flower vase,,,,,
JD.com,JD_FLO_006_0004,flower vase JD商品 6-4,682,820.29,4.0,5421,授权专卖店,家居,2026-02-10 19:40:13,flower vase,,,,,
JD.com,JD_FLO_006_0005,flower vase JD商品 6-5,564,654.77,4.4,1850,品牌旗舰店,运动户外,2026-02-10 19:40:13,flower vase,,,,,
JD.com,JD_FLO_006_0006,flower vase JD商品 6-6,871,1116.61,4.9,52039,品牌旗舰店,服装,2026-02-10 19:40:13,flower vase,,,,,
JD.com,JD_FLO_006_0007,flower vase JD商品 6-7,1589,1960.36,4.0,63055,授权专卖店,运动户外,2026-02-10 19:40:13,flower vase,,,,,
JD.com,JD_FLO_007_0000,flower vase JD商品 7-0,2015,2377.38,5.0,23012,授权专卖店,图书,2026-02-10 19:40:18,flower vase,,,,,
JD.com,JD_FLO_007_0001,flower vase JD商品 7-1,3897,4820.92,4.1,51526,JD自营,家居,2026-02-10 19:40:18,flower vase,,,,,
JD.com,JD_FLO_007_0002,flower vase JD商品 7-2,3390,4265.18,4.3,73390,JD自营,图书,2026-02-10 19:40:18,flower vase,,,,,
JD.com,JD_FLO_007_0003,flower vase JD商品 7-3,4810,5542.45,3.5,89867,JD自营,运动户外,2026-02-10 19:40:18,flower vase,,,,,
JD.com,JD_FLO_007_0004,flower vase JD商品 7-4,4082,4780.21,4.0,38415,授权专卖店,服装,2026-02-10 19:40:18,flower vase,,,,,
JD.com,JD_FLO_007_0005,flower vase JD商品 7-5,2674,3015.49,4.8,20119,JD自营,运动户外,2026-02-10 19:40:18,flower vase,,,,,
JD.com,JD_FLO_007_0006,flower vase JD商品 7-6,3808,4557.98,3.8,18545,授权专卖店,运动户外,2026-02-10 19:40:18,flower vase,,,,,
JD.com,JD_FLO_007_0007,flower vase JD商品 7-7,3458,4455.72,4.7,95442,品牌旗舰店,家居,2026-02-10 19:40:18,flower vase,,,,,
JD.com,JD_FLO_008_0000,flower vase JD商品 8-0,4662,5902.44,3.8,66849,JD自营,电子产品,2026-02-10 19:40:23,flower vase,,,,,
JD.com,JD_FLO_008_0001,flower vase JD商品 8-1,3533,4101.16,4.0,99429,品牌旗舰店,电子产品,2026-02-10 19:40:23,flower vase,,,,,
JD.com,JD_FLO_008_0002,flower vase JD商品 8-2,3802,4481.56,4.2,27416,授权专卖店,电子产品,2026-02-10 19:40:23,flower vase,,,,,
JD.com,JD_FLO_008_0003,flower vase JD商品 8-3,4179,5198.71,4.2,32399,JD自营,家居,2026-02-10 19:40:23,flower vase,,,,,
JD.com,JD_FLO_008_0004,flower vase JD商品 8-4,1426,1650.56,3.9,71217,品牌旗舰店,服装,2026-02-10 19:40:23,flower vase,,,,,
JD.com,JD_FLO_008_0005,flower vase JD商品 8-5,2849,3578.89,3.7,29458,JD自营,服装,2026-02-10 19:40:23,flower vase,,,,,
JD.com,JD_FLO_008_0006,flower vase JD商品 8-6,892,1005.87,3.5,70440,授权专卖店,运动户外,2026-02-10 19:40:23,flower vase,,,,,
JD.com,JD_FLO_008_0007,flower vase JD商品 8-7,2791,3341.79,3.7,58398,JD自营,家居,2026-02-10 19:40:23,flower vase,,,,,
JD.com,JD_FLO_008_0008,flower vase JD商品 8-8,4595,5378.63,4.0,35969,品牌旗舰店,电子产品,2026-02-10 19:40:23,flower vase,,,,,
JD.com,JD_FLO_008_0009,flower vase JD商品 8-9,4954,6064.31,4.3,18404,品牌旗舰店,服装,2026-02-10 19:40:23,flower vase,,,,,
JD.com,JD_FLO_009_0000,flower vase JD商品 9-0,2150,2753.34,5.0,55563,品牌旗舰店,服装,2026-02-10 19:40:28,flower vase,,,,,
JD.com,JD_FLO_009_0001,flower vase JD商品 9-1,2217,2524.85,3.9,89967,品牌旗舰店,图书,2026-02-10 19:40:28,flower vase,,,,,
JD.com,JD_FLO_009_0002,flower vase JD商品 9-2,801,972.05,3.7,23908,品牌旗舰店,家居,2026-02-10 19:40:28,flower vase,,,,,
JD.com,JD_FLO_009_0003,flower vase JD商品 9-3,2050,2547.51,4.1,92246,JD自营,服装,2026-02-10 19:40:28,flower vase,,,,,
JD.com,JD_FLO_009_0004,flower vase JD商品 9-4,1256,1477.06,4.4,33210,授权专卖店,家居,2026-02-10 19:40:28,flower vase,,,,,
JD.com,JD_FLO_009_0005,flower vase JD商品 9-5,3664,4061.63,3.8,44844,JD自营,运动户外,2026-02-10 19:40:28,flower vase,,,,,
JD.com,JD_FLO_009_0006,flower vase JD商品 9-6,2104,2537.79,4.3,9436,JD自营,运动户外,2026-02-10 19:40:28,flower vase,,,,,
JD.com,JD_FLO_009_0007,flower vase JD商品 9-7,554,620.71,4.9,3294,JD自营,运动户外,2026-02-10 19:40:28,flower vase,,,,,
JD.com,JD_FLO_010_0000,flower vase JD商品 10-0,2329,2944.14,4.9,54749,品牌旗舰店,电子产品,2026-02-10 19:40:33,flower vase,,,,,
JD.com,JD_FLO_010_0001,flower vase JD商品 10-1,3716,4205.79,4.7,81052,JD自营,图书,2026-02-10 19:40:33,flower vase,,,,,
JD.com,JD_FLO_010_0002,flower vase JD商品 10-2,2852,3605.83,3.6,39165,JD自营,运动户外,2026-02-10 19:40:33,flower vase,,,,,
JD.com,JD_FLO_010_0003,flower vase JD商品 10-3,2869,3507.36,4.2,93285,JD自营,运动户外,2026-02-10 19:40:33,flower vase,,,,,
JD.com,JD_FLO_010_0004,flower vase JD商品 10-4,598,738.47,4.8,56381,品牌旗舰店,服装,2026-02-10 19:40:33,flower vase,,,,,
JD.com,JD_FLO_010_0005,flower vase JD商品 10-5,668,739.07,4.4,67262,品牌旗舰店,图书,2026-02-10 19:40:33,flower vase,,,,,
JD.com,JD_FLO_010_0006,flower vase JD商品 10-6,3217,3863.64,4.2,50598,品牌旗舰店,电子产品,2026-02-10 19:40:33,flower vase,,,,,
JD.com,JD_FLO_010_0007,flower vase JD商品 10-7,1707,1885.35,5.0,99898,JD自营,服装,2026-02-10 19:40:33,flower vase,,,,,
JD.com,JD_MET_003_0009,metal table JD商品 3-9,1074,1268.24,4.8,83494,品牌旗舰店,家居,2026-02-10 19:42:40,metal table,,,,,
JD.com,JD_MET_005_0009,metal table JD商品 5-9,2223,2459.78,4.0,3009,品牌旗舰店,电子产品,2026-02-10 19:42:50,metal table,,,,,
JD.com,JD_MET_007_0008,metal table JD商品 7-8,4022,4657.27,4.4,81025,品牌旗舰店,家居,2026-02-10 19:43:00,metal table,,,,,
JD.com,JD_MET_007_0009,metal table JD商品 7-9,2138,2413.74,3.8,76813,品牌旗舰店,图书,2026-02-10 19:43:00,metal table,,,,,
JD.com,JD_MET_008_0006,metal table JD商品 8-6,3562,4538.61,4.5,21649,JD自营,服装,2026-02-10 19:43:05,metal table,,,,,
JD.com,JD_MET_008_0007,metal table JD商品 8-7,507,559.75,4.2,61308,品牌旗舰店,家居,2026-02-10 19:43:05,metal table,,,,,
JD.com,JD_MET_008_0008,metal table JD商品 8-8,2032,2335.41,4.8,33649,JD自营,图书,2026-02-10 19:43:05,metal table,,,,,
JD.com,JD_MET_008_0009,metal table JD商品 8-9,2178,2606.81,4.9,72721,JD自营,运动户外,2026-02-10 19:43:05,metal table,,,,,
JD.com,JD_MET_001_0000,metal table JD商品 1-0,2983,3287.62,4.8,72123,JD自营,电子产品,2026-02-10 19:43:33,metal table,,,,,
JD.com,JD_MET_001_0001,metal table JD商品 1-1,4634,5213.03,4.6,38538,授权专卖店,服装,2026-02-10 19:43:33,metal table,,,,,
JD.com,JD_MET_001_0002,metal table JD商品 1-2,2721,3408.71,4.5,25508,品牌旗舰店,运动户外,2026-02-10 19:43:33,metal table,,,,,
JD.com,JD_MET_001_0003,metal table JD商品 1-3,874,1099.44,4.6,85323,品牌旗舰店,图书,2026-02-10 19:43:33,metal table,,,,,
JD.com,JD_MET_001_0004,metal table JD商品 1-4,3167,4009.72,3.5,16637,授权专卖店,运动户外,2026-02-10 19:43:33,metal table,,,,,
JD.com,JD_MET_001_0005,metal table JD商品 1-5,4402,5223.01,3.6,72305,JD自营,运动户外,2026-02-10 19:43:33,metal table,,,,,
JD.com,JD_MET_002_0000,metal table JD商品 2-0,2110,2644.66,4.7,91112,品牌旗舰店,运动户外,2026-02-10 19:43:38,metal table,,,,,
JD.com,JD_MET_002_0001,metal table JD商品 2-1,3537,3973.68,4.6,35330,品牌旗舰店,家居,2026-02-10 19:43:38,metal table,,,,,
JD.com,JD_MET_002_0002,metal table JD商品 2-2,4521,5362.06,4.7,6002,品牌旗舰店,电子产品,2026-02-10 19:43:38,metal table,,,,,
JD.com,JD_MET_002_0003,metal table JD商品 2-3,635,782.47,4.9,34720,JD自营,家居,2026-02-10 19:43:38,metal table,,,,,
JD.com,JD_MET_002_0004,metal table JD商品 2-4,515,571.08,4.4,2082,品牌旗舰店,运动户外,2026-02-10 19:43:38,metal table,,,,,
JD.com,JD_MET_002_0005,metal table JD商品 2-5,1592,1906.41,4.4,65497,授权专卖店,服装,2026-02-10 19:43:38,metal table,,,,,
JD.com,JD_MET_002_0006,metal table JD商品 2-6,850,1035.01,3.7,58917,品牌旗舰店,电子产品,2026-02-10 19:43:38,metal table,,,,,
JD.com,JD_MET_002_0007,metal table JD商品 2-7,4123,5258.54,4.0,77808,JD自营,服装,2026-02-10 19:43:38,metal table,,,,,
JD.com,JD_MET_003_0000,metal table JD商品 3-0,1138,1277.26,4.6,92870,JD自营,服装,2026-02-10 19:43:43,metal table,,,,,
JD.com,JD_MET_003_0001,metal table JD商品 3-1,2783,3069.03,4.6,11683,JD自营,运动户外,2026-02-10 19:43:43,metal table,,,,,
JD.com,JD_MET_003_0002,metal table JD商品 3-2,2548,3224.9,4.5,52697,品牌旗舰店,电子产品,2026-02-10 19:43:43,metal table,,,,,
JD.com,JD_MET_003_0003,metal table JD商品 3-3,2294,2914.46,4.3,91749,授权专卖店,图书,2026-02-10 19:43:43,metal table,,,,,
JD.com,JD_MET_003_0004,metal table JD商品 3-4,2087,2399.93,4.1,22455,JD自营,电子产品,2026-02-10 19:43:43,metal table,,,,,
JD.com,JD_MET_003_0005,metal table JD商品 3-5,1884,2436.9,4.9,1726,授权专卖店,图书,2026-02-10 19:43:43,metal table,,,,,
JD.com,JD_MET_003_0006,metal table JD商品 3-6,2873,3578.12,4.5,17619,授权专卖店,电子产品,2026-02-10 19:43:43,metal table,,,,,
JD.com,JD_MET_003_0007,metal table JD商品 3-7,3289,3847.08,5.0,50210,JD自营,图书,2026-02-10 19:43:43,metal table,,,,,
JD.com,JD_MET_003_0008,metal table JD商品 3-8,3510,4495.35,4.9,52757,JD自营,电子产品,2026-02-10 19:43:43,metal table,,,,,
JD.com,JD_MET_004_0000,metal table JD商品 4-0,1893,2245.68,4.3,80908,品牌旗舰店,电子产品,2026-02-10 19:43:48,metal table,,,,,
JD.com,JD_MET_004_0001,metal table JD商品 4-1,2604,3048.55,4.0,97285,JD自营,运动户外,2026-02-10 19:43:48,metal table,,,,,
JD.com,JD_MET_004_0002,metal table JD商品 4-2,4434,5299.41,4.6,96535,品牌旗舰店,电子产品,2026-02-10 19:43:48,metal table,,,,,
JD.com,JD_MET_004_0003,metal table JD商品 4-3,3291,4199.89,3.7,79066,授权专卖店,服装,2026-02-10 19:43:48,metal table,,,,,
JD.com,JD_MET_004_0004,metal table JD商品 4-4,2523,2990.35,4.7,24737,JD自营,运动户外,2026-02-10 19:43:48,metal table,,,,,
JD.com,JD_MET_004_0005,metal table JD商品 4-5,1929,2270.54,3.5,69529,品牌旗舰店,服装,2026-02-10 19:43:48,metal table,,,,,
JD.com,JD_MET_004_0006,metal table JD商品 4-6,4459,5586.3,4.0,65079,品牌旗舰店,运动户外,2026-02-10 19:43:48,metal table,,,,,
JD.com,JD_MET_005_0000,metal table JD商品 5-0,3937,4801.43,3.9,34168,JD自营,电子产品,2026-02-10 19:43:53,metal table,,,,,
JD.com,JD_MET_005_0001,metal table JD商品 5-1,4097,4880.31,4.7,67180,品牌旗舰店,运动户外,2026-02-10 19:43:53,metal table,,,,,
JD.com,JD_MET_005_0002,metal table JD商品 5-2,2623,3248.7,4.8,7481,品牌旗舰店,家居,2026-02-10 19:43:53,metal table,,,,,
JD.com,JD_MET_005_0003,metal table JD商品 5-3,3696,4556.64,4.8,7762,JD自营,家居,2026-02-10 19:43:53,metal table,,,,,
JD.com,JD_MET_005_0004,metal table JD商品 5-4,1192,1353.9,3.9,53974,品牌旗舰店,图书,2026-02-10 19:43:53,metal table,,,,,
JD.com,JD_MET_005_0005,metal table JD商品 5-5,2733,3506.64,3.8,92051,授权专卖店,运动户外,2026-02-10 19:43:53,metal table,,,,,
JD.com,JD_MET_005_0006,metal table JD商品 5-6,1107,1368.56,4.5,53385,授权专卖店,电子产品,2026-02-10 19:43:53,metal table,,,,,
JD.com,JD_MET_005_0007,metal table JD商品 5-7,3957,4736.21,4.0,18830,JD自营,电子产品,2026-02-10 19:43:53,metal table,,,,,
JD.com,JD_MET_005_0008,metal table JD商品 5-8,4629,5539.35,4.0,73917,品牌旗舰店,家居,2026-02-10 19:43:53,metal table,,,,,
JD.com,JD_MET_006_0000,metal table JD商品 6-0,3365,4207.03,4.4,6761,授权专卖店,家居,2026-02-10 19:43:58,metal table,,,,,
JD.com,JD_MET_006_0001,metal table JD商品 6-1,3269,3867.11,4.2,19202,品牌旗舰店,运动户外,2026-02-10 19:43:58,metal table,,,,,
JD.com,JD_MET_006_0002,metal table JD商品 6-2,4259,5187.76,4.1,39243,授权专卖店,运动户外,2026-02-10 19:43:58,metal table,,,,,
JD.com,JD_MET_006_0003,metal table JD商品 6-3,730,870.21,4.3,17390,JD自营,运动户外,2026-02-10 19:43:58,metal table,,,,,
JD.com,JD_MET_006_0004,metal table JD商品 6-4,3097,3907.59,3.6,56649,JD自营,家居,2026-02-10 19:43:58,metal table,,,,,
JD.com,JD_MET_006_0005,metal table JD商品 6-5,876,969.94,4.0,5588,授权专卖店,运动户外,2026-02-10 19:43:58,metal table,,,,,
JD.com,JD_MET_006_0006,metal table JD商品 6-6,2964,3573.54,4.5,86420,JD自营,家居,2026-02-10 19:43:58,metal table,,,,,
JD.com,JD_MET_006_0007,metal table JD商品 6-7,2050,2510.54,5.0,92093,品牌旗舰店,电子产品,2026-02-10 19:43:58,metal table,,,,,
JD.com,JD_MET_006_0008,metal table JD商品 6-8,4705,5241.96,4.3,61708,JD自营,电子产品,2026-02-10 19:43:58,metal table,,,,,
JD.com,JD_MET_006_0009,metal table JD商品 6-9,3920,4584.49,4.9,16575,JD自营,家居,2026-02-10 19:43:58,metal table,,,,,
JD.com,JD_MET_007_0000,metal table JD商品 7-0,2954,3607.67,4.0,4456,JD自营,图书,2026-02-10 19:44:03,metal table,,,,,
JD.com,JD_MET_007_0001,metal table JD商品 7-1,2032,2507.85,4.3,18874,JD自营,服装,2026-02-10 19:44:03,metal table,,,,,
JD.com,JD_MET_007_0002,metal table JD商品 7-2,1978,2416.55,3.6,89296,JD自营,服装,2026-02-10 19:44:03,metal table,,,,,
JD.com,JD_MET_007_0003,metal table JD商品 7-3,3511,4444.4,4.6,24280,品牌旗舰店,家居,2026-02-10 19:44:03,metal table,,,,,
JD.com,JD_MET_007_0004,metal table JD商品 7-4,2113,2570.72,3.6,79183,JD自营,运动户外,2026-02-10 19:44:03,metal table,,,,,
JD.com,JD_MET_007_0005,metal table JD商品 7-5,1024,1217.29,4.3,78515,授权专卖店,电子产品,2026-02-10 19:44:03,metal table,,,,,
JD.com,JD_MET_007_0006,metal table JD商品 7-6,4270,5266.68,4.7,81738,品牌旗舰店,运动户外,2026-02-10 19:44:03,metal table,,,,,
JD.com,JD_MET_007_0007,metal table JD商品 7-7,4157,5070.19,4.3,41860,品牌旗舰店,电子产品,2026-02-10 19:44:03,metal table,,,,,
JD.com,JD_MET_008_0000,metal table JD商品 8-0,3992,4608.09,3.6,11247,授权专卖店,电子产品,2026-02-10 19:44:08,metal table,,,,,
JD.com,JD_MET_008_0001,metal table JD商品 8-1,1609,1792.96,3.7,86679,授权专卖店,图书,2026-02-10 19:44:08,metal table,,,,,
JD.com,JD_MET_008_0002,metal table JD商品 8-2,3948,4360.71,3.8,59425,品牌旗舰店,图书,2026-02-10 19:44:08,metal table,,,,,
JD.com,JD_MET_008_0003,metal table JD商品 8-3,1780,2240.94,4.3,38998,品牌旗舰店,服装,2026-02-10 19:44:08,metal table,,,,,
JD.com,JD_MET_008_0004,metal table JD商品 8-4,3755,4376.37,4.2,94767,授权专卖店,电子产品,2026-02-10 19:44:08,metal table,,,,,
JD.com,JD_MET_008_0005,metal table JD商品 8-5,2076,2288.35,4.5,43592,JD自营,服装,2026-02-10 19:44:08,metal table,,,,,
JD.com,JD_MET_009_0000,metal table JD商品 9-0,4144,4711.49,3.6,38497,品牌旗舰店,图书,2026-02-10 19:44:13,metal table,,,,,
JD.com,JD_MET_009_0001,metal table JD商品 9-1,3771,4719.54,4.4,93700,JD自营,家居,2026-02-10 19:44:13,metal table,,,,,
JD.com,JD_MET_009_0002,metal table JD商品 9-2,4625,5450.5,3.6,4015,授权专卖店,电子产品,2026-02-10 19:44:13,metal table,,,,,
JD.com,JD_MET_009_0003,metal table JD商品 9-3,2316,2595.19,4.1,28105,品牌旗舰店,图书,2026-02-10 19:44:13,metal table,,,,,
JD.com,JD_MET_009_0004,metal table JD商品 9-4,3951,5113.91,3.6,9677,品牌旗舰店,电子产品,2026-02-10 19:44:13,metal table,,,,,
JD.com,JD_MET_009_0005,metal table JD商品 9-5,2899,3421.33,4.1,41436,授权专卖店,运动户外,2026-02-10 19:44:13,metal table,,,,,
JD.com,JD_MET_009_0006,metal table JD商品 9-6,2604,3184.73,4.6,94422,授权专卖店,服装,2026-02-10 19:44:13,metal table,,,,,
JD.com,JD_MET_009_0007,metal table JD商品 9-7,1845,2182.3,3.7,61612,授权专卖店,运动户外,2026-02-10 19:44:13,metal table,,,,,
JD.com,JD_MET_010_0000,metal table JD商品 10-0,679,818.26,4.1,88349,JD自营,图书,2026-02-10 19:44:18,metal table,,,,,
JD.com,JD_MET_010_0001,metal table JD商品 10-1,3615,4153.75,4.7,79486,JD自营,运动户外,2026-02-10 19:44:18,metal table,,,,,
JD.com,JD_MET_010_0002,metal table JD商品 10-2,2112,2486.48,4.2,75331,JD自营,家居,2026-02-10 19:44:18,metal table,,,,,
JD.com,JD_MET_010_0003,metal table JD商品 10-3,1191,1339.47,4.4,93864,JD自营,服装,2026-02-10 19:44:18,metal table,,,,,
JD.com,JD_MET_010_0004,metal table JD商品 10-4,4056,4773.67,4.1,50907,授权专卖店,家居,2026-02-10 19:44:18,metal table,,,,,
JD.com,JD_MET_010_0005,metal table JD商品 10-5,802,1000.13,4.9,70956,授权专卖店,家居,2026-02-10 19:44:18,metal table,,,,,
JD.com,JD_MET_010_0006,metal table JD商品 10-6,3118,3451.24,4.1,90961,JD自营,服装,2026-02-10 19:44:18,metal table,,,,,
JD.com,JD_MET_010_0007,metal table JD商品 10-7,1085,1352.93,5.0,98724,授权专卖店,运动户外,2026-02-10 19:44:18,metal table,,,,,
JD.com,JD_MET_010_0008,metal table JD商品 10-8,4263,4771.57,3.5,6751,品牌旗舰店,运动户外,2026-02-10 19:44:18,metal table,,,,,
JD.com,JD_MET_010_0009,metal table JD商品 10-9,3415,4368.87,4.3,83517,JD自营,家居,2026-02-10 19:44:18,metal table,,,,,
JD.com,JD_ERA_001_0000,eraser JD商品 1-0,3313,4195.62,3.9,66323,品牌旗舰店,图书,2026-02-10 19:46:50,eraser,,,,,
JD.com,JD_ERA_001_0001,eraser JD商品 1-1,3590,4353.35,4.7,52471,JD自营,运动户外,2026-02-10 19:46:50,eraser,,,,,
JD.com,JD_ERA_001_0002,eraser JD商品 1-2,3550,4254.7,3.8,13579,JD自营,家居,2026-02-10 19:46:50,eraser,,,,,
JD.com,JD_ERA_001_0003,eraser JD商品 1-3,1044,1257.82,3.8,10514,JD自营,运动户外,2026-02-10 19:46:50,eraser,,,,,
JD.com,JD_ERA_001_0004,eraser JD商品 1-4,1245,1557.14,3.8,17210,JD自营,电子产品,2026-02-10 19:46:50,eraser,,,,,
JD.com,JD_ERA_001_0005,eraser JD商品 1-5,3471,4485.36,4.3,44036,品牌旗舰店,运动户外,2026-02-10 19:46:50,eraser,,,,,
JD.com,JD_ERA_001_0006,eraser JD商品 1-6,959,1121.74,4.0,76473,授权专卖店,电子产品,2026-02-10 19:46:50,eraser,,,,,
JD.com,JD_ERA_001_0007,eraser JD商品 1-7,1698,1895.47,4.2,7684,JD自营,图书,2026-02-10 19:46:50,eraser,,,,,
JD.com,JD_ERA_001_0008,eraser JD商品 1-8,909,1074.41,4.4,46427,JD自营,运动户外,2026-02-10 19:46:50,eraser,,,,,
JD.com,JD_ERA_001_0009,eraser JD商品 1-9,2682,3131.29,4.1,69693,授权专卖店,家居,2026-02-10 19:46:50,eraser,,,,,
JD.com,JD_ERA_002_0000,eraser JD商品 2-0,1092,1367.28,4.5,27428,授权专卖店,家居,2026-02-10 19:46:55,eraser,,,,,
JD.com,JD_ERA_002_0001,eraser JD商品 2-1,1576,1762.42,4.6,35606,JD自营,家居,2026-02-10 19:46:55,eraser,,,,,
JD.com,JD_ERA_002_0002,eraser JD商品 2-2,1770,1992.56,4.5,24264,JD自营,图书,2026-02-10 19:46:55,eraser,,,,,
JD.com,JD_ERA_002_0003,eraser JD商品 2-3,4109,4691.84,4.3,39771,JD自营,运动户外,2026-02-10 19:46:55,eraser,,,,,
JD.com,JD_ERA_002_0004,eraser JD商品 2-4,4901,5745.05,5.0,42870,授权专卖店,服装,2026-02-10 19:46:55,eraser,,,,,
JD.com,JD_ERA_002_0005,eraser JD商品 2-5,4804,6132.9,4.5,16383,品牌旗舰店,家居,2026-02-10 19:46:55,eraser,,,,,
JD.com,JD_ERA_003_0000,eraser JD商品 3-0,2109,2466.69,4.4,30366,品牌旗舰店,图书,2026-02-10 19:47:00,eraser,,,,,
JD.com,JD_ERA_003_0001,eraser JD商品 3-1,982,1252.69,3.7,84305,品牌旗舰店,运动户外,2026-02-10 19:47:00,eraser,,,,,
JD.com,JD_ERA_003_0002,eraser JD商品 3-2,3693,4614.33,4.6,70907,JD自营,服装,2026-02-10 19:47:00,eraser,,,,,
JD.com,JD_ERA_003_0003,eraser JD商品 3-3,2006,2511.89,4.1,94960,JD自营,家居,2026-02-10 19:47:00,eraser,,,,,
JD.com,JD_ERA_003_0004,eraser JD商品 3-4,3051,3579.18,4.9,50147,授权专卖店,电子产品,2026-02-10 19:47:00,eraser,,,,,
JD.com,JD_ERA_003_0005,eraser JD商品 3-5,1847,2272.2,4.4,80995,JD自营,图书,2026-02-10 19:47:00,eraser,,,,,
JD.com,JD_ERA_003_0006,eraser JD商品 3-6,1906,2360.38,4.3,70527,授权专卖店,运动户外,2026-02-10 19:47:00,eraser,,,,,
JD.com,JD_ERA_004_0000,eraser JD商品 4-0,4854,5983.23,4.5,6027,JD自营,服装,2026-02-10 19:47:05,eraser,,,,,
JD.com,JD_ERA_004_0001,eraser JD商品 4-1,1421,1699.32,3.7,94450,JD自营,电子产品,2026-02-10 19:47:05,eraser,,,,,
JD.com,JD_ERA_004_0002,eraser JD商品 4-2,4557,5491.06,4.6,4267,品牌旗舰店,图书,2026-02-10 19:47:05,eraser,,,,,
JD.com,JD_ERA_004_0003,eraser JD商品 4-3,4163,5157.2,4.7,2665,品牌旗舰店,图书,2026-02-10 19:47:05,eraser,,,,,
JD.com,JD_ERA_004_0004,eraser JD商品 4-4,1798,2243.35,4.6,58346,授权专卖店,电子产品,2026-02-10 19:47:05,eraser,,,,,
JD.com,JD_ERA_004_0005,eraser JD商品 4-5,1666,1990.14,4.3,84009,授权专卖店,服装,2026-02-10 19:47:05,eraser,,,,,
JD.com,JD_ERA_004_0006,eraser JD商品 4-6,2448,2714.8,4.9,11952,授权专卖店,运动户外,2026-02-10 19:47:05,eraser,,,,,
JD.com,JD_ERA_004_0007,eraser JD商品 4-7,2793,3283.48,4.8,21373,品牌旗舰店,图书,2026-02-10 19:47:05,eraser,,,,,
JD.com,JD_ERA_005_0000,eraser JD商品 5-0,2207,2718.42,3.6,16307,JD自营,家居,2026-02-10 19:47:10,eraser,,,,,
JD.com,JD_ERA_005_0001,eraser JD商品 5-1,1412,1827.28,4.8,72774,品牌旗舰店,图书,2026-02-10 19:47:10,eraser,,,,,
JD.com,JD_ERA_005_0002,eraser JD商品 5-2,1675,1870.34,4.9,48997,品牌旗舰店,图书,2026-02-10 19:47:10,eraser,,,,,
JD.com,JD_ERA_005_0003,eraser JD商品 5-3,4109,5078.02,3.7,71149,JD自营,图书,2026-02-10 19:47:10,eraser,,,,,
JD.com,JD_ERA_005_0004,eraser JD商品 5-4,1594,2021.11,5.0,2000,JD自营,服装,2026-02-10 19:47:10,eraser,,,,,
JD.com,JD_ERA_005_0005,eraser JD商品 5-5,1605,1862.74,4.0,89940,JD自营,服装,2026-02-10 19:47:10,eraser,,,,,
JD.com,JD_ERA_005_0006,eraser JD商品 5-6,2237,2714.44,4.9,5081,JD自营,服装,2026-02-10 19:47:10,eraser,,,,,
JD.com,JD_ERA_005_0007,eraser JD商品 5-7,1151,1344.37,4.2,22119,品牌旗舰店,电子产品,2026-02-10 19:47:10,eraser,,,,,
JD.com,JD_ERA_005_0008,eraser JD商品 5-8,4699,5735.8,3.7,20901,JD自营,电子产品,2026-02-10 19:47:10,eraser,,,,,
JD.com,JD_ERA_005_0009,eraser JD商品 5-9,4414,5374.21,4.2,27434,品牌旗舰店,家居,2026-02-10 19:47:10,eraser,,,,,
JD.com,JD_ERA_006_0000,eraser JD商品 6-0,1018,1145.52,4.6,1009,品牌旗舰店,电子产品,2026-02-10 19:47:15,eraser,,,,,
JD.com,JD_ERA_006_0001,eraser JD商品 6-1,4119,4578.6,3.9,22295,JD自营,服装,2026-02-10 19:47:15,eraser,,,,,
JD.com,JD_ERA_006_0002,eraser JD商品 6-2,2692,3428.92,3.6,28598,JD自营,电子产品,2026-02-10 19:47:15,eraser,,,,,
JD.com,JD_ERA_006_0003,eraser JD商品 6-3,3700,4671.0,4.5,58738,授权专卖店,图书,2026-02-10 19:47:15,eraser,,,,,
JD.com,JD_ERA_006_0004,eraser JD商品 6-4,1713,2074.06,3.5,60756,授权专卖店,图书,2026-02-10 19:47:15,eraser,,,,,
JD.com,JD_ERA_006_0005,eraser JD商品 6-5,2299,2669.92,3.8,81339,授权专卖店,家居,2026-02-10 19:47:15,eraser,,,,,
JD.com,JD_ERA_006_0006,eraser JD商品 6-6,4582,5310.86,4.5,23040,品牌旗舰店,家居,2026-02-10 19:47:15,eraser,,,,,
JD.com,JD_ERA_006_0007,eraser JD商品 6-7,1128,1388.01,4.2,96197,品牌旗舰店,服装,2026-02-10 19:47:15,eraser,,,,,
JD.com,JD_ERA_006_0008,eraser JD商品 6-8,4376,5540.46,4.8,79511,品牌旗舰店,图书,2026-02-10 19:47:15,eraser,,,,,
JD.com,JD_ERA_006_0009,eraser JD商品 6-9,3544,4432.18,4.7,97522,JD自营,运动户外,2026-02-10 19:47:15,eraser,,,,,
JD.com,JD_ERA_007_0000,eraser JD商品 7-0,3248,3824.66,3.9,88972,JD自营,服装,2026-02-10 19:47:20,eraser,,,,,
JD.com,JD_ERA_007_0001,eraser JD商品 7-1,2077,2396.09,4.7,83360,JD自营,图书,2026-02-10 19:47:20,eraser,,,,,
JD.com,JD_ERA_007_0002,eraser JD商品 7-2,848,940.55,5.0,31592,授权专卖店,家居,2026-02-10 19:47:20,eraser,,,,,
JD.com,JD_ERA_007_0003,eraser JD商品 7-3,1642,2030.93,4.1,76125,授权专卖店,电子产品,2026-02-10 19:47:20,eraser,,,,,
JD.com,JD_ERA_007_0004,eraser JD商品 7-4,1809,2203.41,4.3,17529,品牌旗舰店,电子产品,2026-02-10 19:47:20,eraser,,,,,
JD.com,JD_ERA_007_0005,eraser JD商品 7-5,3564,3949.48,3.6,13885,JD自营,服装,2026-02-10 19:47:20,eraser,,,,,
JD.com,JD_ERA_007_0006,eraser JD商品 7-6,2077,2417.26,3.6,73180,授权专卖店,电子产品,2026-02-10 19:47:20,eraser,,,,,
JD.com,JD_ERA_007_0007,eraser JD商品 7-7,3227,3696.25,4.8,16953,JD自营,服装,2026-02-10 19:47:20,eraser,,,,,
JD.com,JD_ERA_007_0008,eraser JD商品 7-8,2231,2460.17,5.0,73253,JD自营,家居,2026-02-10 19:47:20,eraser,,,,,
JD.com,JD_ERA_008_0000,eraser JD商品 8-0,4499,5479.52,3.8,18126,JD自营,家居,2026-02-10 19:47:25,eraser,,,,,
JD.com,JD_ERA_008_0001,eraser JD商品 8-1,4803,5442.5,4.8,31936,品牌旗舰店,运动户外,2026-02-10 19:47:25,eraser,,,,,
JD.com,JD_ERA_008_0002,eraser JD商品 8-2,1292,1600.45,4.8,17718,品牌旗舰店,家居,2026-02-10 19:47:25,eraser,,,,,
JD.com,JD_ERA_008_0003,eraser JD商品 8-3,2228,2543.84,4.1,14638,JD自营,家居,2026-02-10 19:47:25,eraser,,,,,
JD.com,JD_ERA_008_0004,eraser JD商品 8-4,2081,2646.06,3.7,54314,品牌旗舰店,运动户外,2026-02-10 19:47:25,eraser,,,,,
JD.com,JD_ERA_008_0005,eraser JD商品 8-5,3798,4672.18,4.3,80785,品牌旗舰店,电子产品,2026-02-10 19:47:25,eraser,,,,,
JD.com,JD_ERA_008_0006,eraser JD商品 8-6,2216,2605.32,4.1,69709,JD自营,图书,2026-02-10 19:47:25,eraser,,,,,
JD.com,JD_ERA_008_0007,eraser JD商品 8-7,1981,2301.81,4.2,99490,授权专卖店,运动户外,2026-02-10 19:47:25,eraser,,,,,
JD.com,JD_ERA_008_0008,eraser JD商品 8-8,3396,3925.29,3.7,42362,授权专卖店,电子产品,2026-02-10 19:47:25,eraser,,,,,
JD.com,JD_ERA_008_0009,eraser JD商品 8-9,2175,2607.68,4.1,85219,JD自营,电子产品,2026-02-10 19:47:25,eraser,,,,,
JD.com,JD_ERA_009_0000,eraser JD商品 9-0,694,880.23,3.5,81910,JD自营,图书,2026-02-10 19:47:30,eraser,,,,,
JD.com,JD_ERA_009_0001,eraser JD商品 9-1,685,874.29,4.2,56517,JD自营,服装,2026-02-10 19:47:30,eraser,,,,,
JD.com,JD_ERA_009_0002,eraser JD商品 9-2,3699,4103.5,4.3,43339,品牌旗舰店,家居,2026-02-10 19:47:30,eraser,,,,,
JD.com,JD_ERA_009_0003,eraser JD商品 9-3,1973,2529.23,3.8,49404,JD自营,运动户外,2026-02-10 19:47:30,eraser,,,,,
JD.com,JD_ERA_009_0004,eraser JD商品 9-4,1408,1684.93,4.3,74993,JD自营,服装,2026-02-10 19:47:30,eraser,,,,,
JD.com,JD_ERA_009_0005,eraser JD商品 9-5,558,633.15,4.8,73475,授权专卖店,电子产品,2026-02-10 19:47:30,eraser,,,,,
JD.com,JD_ERA_009_0006,eraser JD商品 9-6,2581,3185.14,4.7,25279,品牌旗舰店,运动户外,2026-02-10 19:47:30,eraser,,,,,
JD.com,JD_ERA_009_0007,eraser JD商品 9-7,2217,2542.3,4.1,94249,品牌旗舰店,电子产品,2026-02-10 19:47:30,eraser,,,,,
JD.com,JD_ERA_009_0008,eraser JD商品 9-8,1593,1767.28,4.0,30466,授权专卖店,服装,2026-02-10 19:47:30,eraser,,,,,
JD.com,JD_ERA_010_0000,eraser JD商品 10-0,4114,4525.99,4.9,50424,品牌旗舰店,家居,2026-02-10 19:47:35,eraser,,,,,
JD.com,JD_ERA_010_0001,eraser JD商品 10-1,3241,3585.11,4.5,41642,授权专卖店,图书,2026-02-10 19:47:35,eraser,,,,,
JD.com,JD_ERA_010_0002,eraser JD商品 10-2,1340,1735.05,4.2,22068,品牌旗舰店,图书,2026-02-10 19:47:35,eraser,,,,,
JD.com,JD_ERA_010_0003,eraser JD商品 10-3,4588,5755.07,3.6,15333,授权专卖店,运动户外,2026-02-10 19:47:35,eraser,,,,,
JD.com,JD_ERA_010_0004,eraser JD商品 10-4,2639,3265.12,4.6,21265,JD自营,服装,2026-02-10 19:47:35,eraser,,,,,
JD.com,JD_ERA_010_0005,eraser JD商品 10-5,1873,2217.58,3.9,47838,品牌旗舰店,图书,2026-02-10 19:47:35,eraser,,,,,
JD.com,JD_ERA_010_0006,eraser JD商品 10-6,4609,5157.79,4.8,25883,JD自营,电子产品,2026-02-10 19:47:35,eraser,,,,,
JD.com,JD_ERA_010_0007,eraser JD商品 10-7,1511,1734.55,4.4,72813,品牌旗舰店,图书,2026-02-10 19:47:35,eraser,,,,,
JD.com,JD_ERA_010_0008,eraser JD商品 10-8,2305,2562.33,3.8,18163,品牌旗舰店,图书,2026-02-10 19:47:35,eraser,,,,,
JD.com,JD_ERA_010_0009,eraser JD商品 10-9,4989,5884.64,4.6,30420,授权专卖店,图书,2026-02-10 19:47:35,eraser,,,,,
JD.com,JD_ROS_001_0000,rose flower lego JD商品 1-0,3589,4492.8,3.9,58774,授权专卖店,服装,2026-02-10 20:02:08,rose flower lego,,,,,
JD.com,JD_ROS_001_0001,rose flower lego JD商品 1-1,3642,4526.5,4.4,88944,JD自营,运动户外,2026-02-10 20:02:08,rose flower lego,,,,,
JD.com,JD_ROS_001_0002,rose flower lego JD商品 1-2,706,908.53,4.9,60050,授权专卖店,家居,2026-02-10 20:02:08,rose flower lego,,,,,
JD.com,JD_ROS_001_0003,rose flower lego JD商品 1-3,1325,1656.74,4.7,55971,授权专卖店,电子产品,2026-02-10 20:02:08,rose flower lego,,,,,
JD.com,JD_ROS_001_0004,rose flower lego JD商品 1-4,2529,2849.41,3.9,47065,品牌旗舰店,服装,2026-02-10 20:02:08,rose flower lego,,,,,
JD.com,JD_ROS_001_0005,rose flower lego JD商品 1-5,1569,1813.81,3.7,89871,授权专卖店,图书,2026-02-10 20:02:08,rose flower lego,,,,,
JD.com,JD_ROS_001_0006,rose flower lego JD商品 1-6,3456,3817.14,3.6,45889,品牌旗舰店,电子产品,2026-02-10 20:02:08,rose flower lego,,,,,
JD.com,JD_ROS_001_0007,rose flower lego JD商品 1-7,2117,2692.24,4.7,76930,JD自营,家居,2026-02-10 20:02:08,rose flower lego,,,,,
JD.com,JD_ROS_001_0008,rose flower lego JD商品 1-8,2727,3440.79,3.7,39417,JD自营,运动户外,2026-02-10 20:02:08,rose flower lego,,,,,
JD.com,JD_ROS_002_0000,rose flower lego JD商品 2-0,4131,4702.55,4.0,79290,JD自营,图书,2026-02-10 20:02:13,rose flower lego,,,,,
JD.com,JD_ROS_002_0001,rose flower lego JD商品 2-1,1641,2004.06,4.6,67952,授权专卖店,运动户外,2026-02-10 20:02:13,rose flower lego,,,,,
JD.com,JD_ROS_002_0002,rose flower lego JD商品 2-2,993,1263.28,4.8,34514,授权专卖店,电子产品,2026-02-10 20:02:13,rose flower lego,,,,,
JD.com,JD_ROS_002_0003,rose flower lego JD商品 2-3,2134,2574.67,4.6,52796,品牌旗舰店,服装,2026-02-10 20:02:13,rose flower lego,,,,,
JD.com,JD_ROS_002_0004,rose flower lego JD商品 2-4,1035,1139.49,3.9,66431,授权专卖店,电子产品,2026-02-10 20:02:13,rose flower lego,,,,,
JD.com,JD_ROS_002_0005,rose flower lego JD商品 2-5,3277,4001.11,4.9,85468,品牌旗舰店,图书,2026-02-10 20:02:13,rose flower lego,,,,,
JD.com,JD_ROS_002_0006,rose flower lego JD商品 2-6,1664,1884.44,4.1,53221,JD自营,家居,2026-02-10 20:02:13,rose flower lego,,,,,
JD.com,JD_ROS_002_0007,rose flower lego JD商品 2-7,4389,4953.9,4.2,61798,品牌旗舰店,家居,2026-02-10 20:02:13,rose flower lego,,,,,
JD.com,JD_ROS_002_0008,rose flower lego JD商品 2-8,1460,1885.46,3.6,5184,JD自营,电子产品,2026-02-10 20:02:13,rose flower lego,,,,,
JD.com,JD_ROS_002_0009,rose flower lego JD商品 2-9,4243,5004.61,3.6,7559,JD自营,电子产品,2026-02-10 20:02:13,rose flower lego,,,,,
JD.com,JD_ROS_003_0000,rose flower lego JD商品 3-0,3896,4428.97,3.7,51111,品牌旗舰店,电子产品,2026-02-10 20:02:18,rose flower lego,,,,,
JD.com,JD_ROS_003_0001,rose flower lego JD商品 3-1,2990,3814.63,4.0,10413,品牌旗舰店,运动户外,2026-02-10 20:02:18,rose flower lego,,,,,
JD.com,JD_ROS_003_0002,rose flower lego JD商品 3-2,650,834.04,4.5,15106,JD自营,图书,2026-02-10 20:02:18,rose flower lego,,,,,
JD.com,JD_ROS_003_0003,rose flower lego JD商品 3-3,2482,2734.13,4.8,38707,品牌旗舰店,图书,2026-02-10 20:02:18,rose flower lego,,,,,
JD.com,JD_ROS_003_0004,rose flower lego JD商品 3-4,588,682.92,4.7,60493,JD自营,家居,2026-02-10 20:02:18,rose flower lego,,,,,
JD.com,JD_ROS_003_0005,rose flower lego JD商品 3-5,812,893.47,4.5,32778,授权专卖店,服装,2026-02-10 20:02:18,rose flower lego,,,,,
JD.com,JD_ROS_003_0006,rose flower lego JD商品 3-6,1751,2051.66,4.4,24343,授权专卖店,电子产品,2026-02-10 20:02:18,rose flower lego,,,,,
JD.com,JD_ROS_004_0000,rose flower lego JD商品 4-0,1385,1736.03,4.8,23927,品牌旗舰店,图书,2026-02-10 20:02:23,rose flower lego,,,,,
JD.com,JD_ROS_004_0001,rose flower lego JD商品 4-1,3752,4556.33,3.6,20614,授权专卖店,服装,2026-02-10 20:02:23,rose flower lego,,,,,
JD.com,JD_ROS_004_0002,rose flower lego JD商品 4-2,3172,3997.67,3.5,3515,授权专卖店,运动户外,2026-02-10 20:02:23,rose flower lego,,,,,
JD.com,JD_ROS_004_0003,rose flower lego JD商品 4-3,2745,3155.43,4.5,91031,授权专卖店,家居,2026-02-10 20:02:23,rose flower lego,,,,,
JD.com,JD_ROS_004_0004,rose flower lego JD商品 4-4,4020,4700.25,4.2,24471,JD自营,图书,2026-02-10 20:02:23,rose flower lego,,,,,
JD.com,JD_ROS_004_0005,rose flower lego JD商品 4-5,538,615.29,3.6,39217,授权专卖店,图书,2026-02-10 20:02:23,rose flower lego,,,,,
JD.com,JD_ROS_004_0006,rose flower lego JD商品 4-6,1817,2133.83,4.9,5579,授权专卖店,家居,2026-02-10 20:02:23,rose flower lego,,,,,
JD.com,JD_ROS_004_0007,rose flower lego JD商品 4-7,2537,3096.65,4.4,88661,品牌旗舰店,图书,2026-02-10 20:02:23,rose flower lego,,,,,
JD.com,JD_ROS_004_0008,rose flower lego JD商品 4-8,3919,4496.85,3.5,30097,JD自营,图书,2026-02-10 20:02:23,rose flower lego,,,,,
JD.com,JD_ROS_005_0000,rose flower lego JD商品 5-0,4032,5169.02,4.4,55221,品牌旗舰店,家居,2026-02-10 20:02:28,rose flower lego,,,,,
JD.com,JD_ROS_005_0001,rose flower lego JD商品 5-1,1985,2186.37,4.4,45189,JD自营,运动户外,2026-02-10 20:02:28,rose flower lego,,,,,
JD.com,JD_ROS_005_0002,rose flower lego JD商品 5-2,2726,3403.52,4.1,86659,品牌旗舰店,运动户外,2026-02-10 20:02:28,rose flower lego,,,,,
JD.com,JD_ROS_005_0003,rose flower lego JD商品 5-3,2654,3228.98,4.3,57586,授权专卖店,电子产品,2026-02-10 20:02:28,rose flower lego,,,,,
JD.com,JD_ROS_005_0004,rose flower lego JD商品 5-4,3505,4229.31,4.5,71748,授权专卖店,服装,2026-02-10 20:02:28,rose flower lego,,,,,
JD.com,JD_ROS_005_0005,rose flower lego JD商品 5-5,1159,1377.33,3.5,93855,JD自营,图书,2026-02-10 20:02:28,rose flower lego,,,,,
JD.com,JD_ROS_005_0006,rose flower lego JD商品 5-6,1876,2176.71,4.3,79443,授权专卖店,家居,2026-02-10 20:02:28,rose flower lego,,,,,
JD.com,JD_ROS_005_0007,rose flower lego JD商品 5-7,1317,1482.14,4.9,31411,JD自营,电子产品,2026-02-10 20:02:28,rose flower lego,,,,,
JD.com,JD_ROS_005_0008,rose flower lego JD商品 5-8,1673,2031.45,4.1,4677,JD自营,服装,2026-02-10 20:02:28,rose flower lego,,,,,
JD.com,JD_ROS_005_0009,rose flower lego JD商品 5-9,1354,1572.02,4.4,72107,JD自营,服装,2026-02-10 20:02:28,rose flower lego,,,,,
JD.com,JD_ROS_006_0000,rose flower lego JD商品 6-0,3059,3766.46,3.6,49369,JD自营,电子产品,2026-02-10 20:02:33,rose flower lego,,,,,
JD.com,JD_ROS_006_0001,rose flower lego JD商品 6-1,1960,2484.56,4.8,93220,授权专卖店,图书,2026-02-10 20:02:33,rose flower lego,,,,,
JD.com,JD_ROS_006_0002,rose flower lego JD商品 6-2,2637,3080.47,4.8,74085,授权专卖店,服装,2026-02-10 20:02:33,rose flower lego,,,,,
JD.com,JD_ROS_006_0003,rose flower lego JD商品 6-3,2309,2694.94,4.7,59944,授权专卖店,图书,2026-02-10 20:02:33,rose flower lego,,,,,
JD.com,JD_ROS_006_0004,rose flower lego JD商品 6-4,2152,2579.37,4.2,5325,授权专卖店,运动户外,2026-02-10 20:02:33,rose flower lego,,,,,
JD.com,JD_ROS_006_0005,rose flower lego JD商品 6-5,1625,1986.92,4.0,96972,品牌旗舰店,家居,2026-02-10 20:02:33,rose flower lego,,,,,
JD.com,JD_ROS_006_0006,rose flower lego JD商品 6-6,1478,1875.78,3.8,43052,JD自营,运动户外,2026-02-10 20:02:33,rose flower lego,,,,,
JD.com,JD_ROS_006_0007,rose flower lego JD商品 6-7,3721,4643.34,4.0,29392,JD自营,运动户外,2026-02-10 20:02:33,rose flower lego,,,,,
JD.com,JD_ROS_007_0000,rose flower lego JD商品 7-0,1385,1670.66,4.1,98231,JD自营,服装,2026-02-10 20:02:38,rose flower lego,,,,,
JD.com,JD_ROS_007_0001,rose flower lego JD商品 7-1,2833,3678.67,4.2,85995,授权专卖店,家居,2026-02-10 20:02:38,rose flower lego,,,,,
JD.com,JD_ROS_007_0002,rose flower lego JD商品 7-2,1258,1565.88,3.7,27017,JD自营,服装,2026-02-10 20:02:38,rose flower lego,,,,,
JD.com,JD_ROS_007_0003,rose flower lego JD商品 7-3,2326,2574.8,4.9,62231,授权专卖店,电子产品,2026-02-10 20:02:38,rose flower lego,,,,,
JD.com,JD_ROS_007_0004,rose flower lego JD商品 7-4,3291,3637.17,4.7,96183,JD自营,运动户外,2026-02-10 20:02:38,rose flower lego,,,,,
JD.com,JD_ROS_007_0005,rose flower lego JD商品 7-5,1759,2251.66,4.8,58630,品牌旗舰店,电子产品,2026-02-10 20:02:38,rose flower lego,,,,,
JD.com,JD_ROS_007_0006,rose flower lego JD商品 7-6,1160,1319.19,4.0,8893,JD自营,家居,2026-02-10 20:02:38,rose flower lego,,,,,
JD.com,JD_ROS_007_0007,rose flower lego JD商品 7-7,3110,3837.21,3.9,33332,品牌旗舰店,电子产品,2026-02-10 20:02:38,rose flower lego,,,,,
JD.com,JD_ROS_007_0008,rose flower lego JD商品 7-8,694,772.01,4.3,46878,授权专卖店,运动户外,2026-02-10 20:02:38,rose flower lego,,,,,
JD.com,JD_ROS_007_0009,rose flower lego JD商品 7-9,2160,2781.58,3.8,92903,授权专卖店,运动户外,2026-02-10 20:02:38,rose flower lego,,,,,
JD.com,JD_ROS_008_0000,rose flower lego JD商品 8-0,1048,1285.51,4.8,44406,品牌旗舰店,家居,2026-02-10 20:02:43,rose flower lego,,,,,
JD.com,JD_ROS_008_0001,rose flower lego JD商品 8-1,512,624.61,4.7,69747,品牌旗舰店,电子产品,2026-02-10 20:02:43,rose flower lego,,,,,
JD.com,JD_ROS_008_0002,rose flower lego JD商品 8-2,3696,4508.77,4.4,96247,授权专卖店,图书,2026-02-10 20:02:43,rose flower lego,,,,,
JD.com,JD_ROS_008_0003,rose flower lego JD商品 8-3,1942,2216.98,4.8,51898,品牌旗舰店,运动户外,2026-02-10 20:02:43,rose flower lego,,,,,
JD.com,JD_ROS_008_0004,rose flower lego JD商品 8-4,4584,5770.38,4.1,66348,品牌旗舰店,服装,2026-02-10 20:02:43,rose flower lego,,,,,
JD.com,JD_ROS_008_0005,rose flower lego JD商品 8-5,1666,2006.14,4.2,60807,授权专卖店,图书,2026-02-10 20:02:43,rose flower lego,,,,,
JD.com,JD_ROS_008_0006,rose flower lego JD商品 8-6,1742,2110.87,4.2,30126,授权专卖店,家居,2026-02-10 20:02:43,rose flower lego,,,,,
JD.com,JD_ROS_009_0000,rose flower lego JD商品 9-0,687,847.32,4.8,83536,品牌旗舰店,家居,2026-02-10 20:02:48,rose flower lego,,,,,
JD.com,JD_ROS_009_0001,rose flower lego JD商品 9-1,2354,2612.25,3.7,65129,授权专卖店,运动户外,2026-02-10 20:02:48,rose flower lego,,,,,
JD.com,JD_ROS_009_0002,rose flower lego JD商品 9-2,4633,5407.19,4.2,78068,JD自营,运动户外,2026-02-10 20:02:48,rose flower lego,,,,,
JD.com,JD_ROS_009_0003,rose flower lego JD商品 9-3,2394,3087.59,3.7,76712,授权专卖店,服装,2026-02-10 20:02:48,rose flower lego,,,,,
JD.com,JD_ROS_009_0004,rose flower lego JD商品 9-4,2638,2961.72,4.5,2668,JD自营,图书,2026-02-10 20:02:48,rose flower lego,,,,,
JD.com,JD_ROS_009_0005,rose flower lego JD商品 9-5,2815,3431.72,4.7,79170,JD自营,电子产品,2026-02-10 20:02:48,rose flower lego,,,,,
JD.com,JD_ROS_009_0006,rose flower lego JD商品 9-6,3050,3429.25,4.0,8036,品牌旗舰店,服装,2026-02-10 20:02:48,rose flower lego,,,,,
JD.com,JD_ROS_010_0000,rose flower lego JD商品 10-0,3274,3695.81,4.0,88450,JD自营,图书,2026-02-10 20:02:53,rose flower lego,,,,,
JD.com,JD_ROS_010_0001,rose flower lego JD商品 10-1,3870,4737.02,4.8,54765,授权专卖店,家居,2026-02-10 20:02:53,rose flower lego,,,,,
JD.com,JD_ROS_010_0002,rose flower lego JD商品 10-2,1419,1811.16,4.8,42733,JD自营,电子产品,2026-02-10 20:02:53,rose flower lego,,,,,
JD.com,JD_ROS_010_0003,rose flower lego JD商品 10-3,4801,5303.37,4.7,11792,JD自营,图书,2026-02-10 20:02:53,rose flower lego,,,,,
JD.com,JD_ROS_010_0004,rose flower lego JD商品 10-4,2501,2874.06,4.7,64306,品牌旗舰店,电子产品,2026-02-10 20:02:53,rose flower lego,,,,,
JD.com,JD_ROS_010_0005,rose flower lego JD商品 10-5,3397,4154.31,5.0,32489,授权专卖店,图书,2026-02-10 20:02:53,rose flower lego,,,,,
JD.com,JD_ROS_010_0006,rose flower lego JD商品 10-6,2781,3446.86,4.3,95011,JD自营,图书,2026-02-10 20:02:53,rose flower lego,,,,,
JD.com,JD_ROS_010_0007,rose flower lego JD商品 10-7,2943,3278.97,4.2,99300,JD自营,服装,2026-02-10 20:02:53,rose flower lego,,,,,
JD.com,JD_ROS_010_0008,rose flower lego JD商品 10-8,1108,1220.06,3.6,94465,JD自营,图书,2026-02-10 20:02:53,rose flower lego,,,,,
JD.com,JD_WOO_001_0000,wood spatula JD商品 1-0,4565,5810.29,4.2,28736,JD自营,运动户外,2026-02-10 20:10:36,wood spatula,,,,,
JD.com,JD_WOO_001_0001,wood spatula JD商品 1-1,810,1011.99,4.2,80887,JD自营,运动户外,2026-02-10 20:10:36,wood spatula,,,,,
JD.com,JD_WOO_001_0002,wood spatula JD商品 1-2,2649,3186.47,4.8,76061,JD自营,服装,2026-02-10 20:10:36,wood spatula,,,,,
JD.com,JD_WOO_001_0003,wood spatula JD商品 1-3,4330,5403.94,3.9,33479,授权专卖店,家居,2026-02-10 20:10:36,wood spatula,,,,,
JD.com,JD_WOO_001_0004,wood spatula JD商品 1-4,546,638.31,4.8,50922,授权专卖店,家居,2026-02-10 20:10:36,wood spatula,,,,,
JD.com,JD_WOO_001_0005,wood spatula JD商品 1-5,1640,2109.55,4.1,91150,JD自营,运动户外,2026-02-10 20:10:36,wood spatula,,,,,
JD.com,JD_WOO_001_0006,wood spatula JD商品 1-6,3964,4957.4,4.0,17473,授权专卖店,电子产品,2026-02-10 20:10:36,wood spatula,,,,,
JD.com,JD_WOO_001_0007,wood spatula JD商品 1-7,4560,5758.49,4.7,12660,授权专卖店,服装,2026-02-10 20:10:36,wood spatula,,,,,
JD.com,JD_WOO_001_0008,wood spatula JD商品 1-8,2201,2558.3,3.9,6970,品牌旗舰店,家居,2026-02-10 20:10:36,wood spatula,,,,,
JD.com,JD_WOO_001_0009,wood spatula JD商品 1-9,3298,4218.19,4.2,54764,品牌旗舰店,运动户外,2026-02-10 20:10:36,wood spatula,,,,,
JD.com,JD_WOO_002_0000,wood spatula JD商品 2-0,671,842.34,3.9,20936,授权专卖店,图书,2026-02-10 20:10:41,wood spatula,,,,,
JD.com,JD_WOO_002_0001,wood spatula JD商品 2-1,1103,1273.83,4.9,47899,JD自营,电子产品,2026-02-10 20:10:41,wood spatula,,,,,
JD.com,JD_WOO_002_0002,wood spatula JD商品 2-2,816,915.6,4.7,74592,品牌旗舰店,服装,2026-02-10 20:10:41,wood spatula,,,,,
JD.com,JD_WOO_002_0003,wood spatula JD商品 2-3,1524,1783.56,4.5,57835,授权专卖店,运动户外,2026-02-10 20:10:41,wood spatula,,,,,
JD.com,JD_WOO_002_0004,wood spatula JD商品 2-4,2783,3241.09,4.2,27270,授权专卖店,图书,2026-02-10 20:10:41,wood spatula,,,,,
JD.com,JD_WOO_002_0005,wood spatula JD商品 2-5,1207,1542.76,4.8,25477,品牌旗舰店,电子产品,2026-02-10 20:10:41,wood spatula,,,,,
JD.com,JD_WOO_003_0000,wood spatula JD商品 3-0,984,1126.5,4.9,97437,授权专卖店,服装,2026-02-10 20:10:46,wood spatula,,,,,
JD.com,JD_WOO_003_0001,wood spatula JD商品 3-1,537,601.55,4.6,63306,授权专卖店,家居,2026-02-10 20:10:46,wood spatula,,,,,
JD.com,JD_WOO_003_0002,wood spatula JD商品 3-2,2415,2833.3,3.6,93448,JD自营,运动户外,2026-02-10 20:10:46,wood spatula,,,,,
JD.com,JD_WOO_003_0003,wood spatula JD商品 3-3,2136,2734.25,4.0,37917,授权专卖店,图书,2026-02-10 20:10:46,wood spatula,,,,,
JD.com,JD_WOO_003_0004,wood spatula JD商品 3-4,2410,2939.29,4.6,31501,JD自营,服装,2026-02-10 20:10:46,wood spatula,,,,,
JD.com,JD_WOO_003_0005,wood spatula JD商品 3-5,4118,4747.75,4.8,3557,JD自营,电子产品,2026-02-10 20:10:46,wood spatula,,,,,
JD.com,JD_WOO_004_0000,wood spatula JD商品 4-0,4165,5093.38,3.7,90529,品牌旗舰店,电子产品,2026-02-10 20:10:51,wood spatula,,,,,
JD.com,JD_WOO_004_0001,wood spatula JD商品 4-1,2467,2917.94,3.5,78684,品牌旗舰店,图书,2026-02-10 20:10:51,wood spatula,,,,,
JD.com,JD_WOO_004_0002,wood spatula JD商品 4-2,4372,4834.41,3.9,57893,JD自营,电子产品,2026-02-10 20:10:51,wood spatula,,,,,
JD.com,JD_WOO_004_0003,wood spatula JD商品 4-3,3814,4334.34,4.8,29098,授权专卖店,家居,2026-02-10 20:10:51,wood spatula,,,,,
JD.com,JD_WOO_004_0004,wood spatula JD商品 4-4,887,1148.11,4.8,71852,授权专卖店,电子产品,2026-02-10 20:10:51,wood spatula,,,,,
JD.com,JD_WOO_004_0005,wood spatula JD商品 4-5,4973,6301.77,4.1,82811,JD自营,图书,2026-02-10 20:10:51,wood spatula,,,,,
JD.com,JD_WOO_005_0000,wood spatula JD商品 5-0,2967,3383.87,4.2,23242,授权专卖店,运动户外,2026-02-10 20:10:56,wood spatula,,,,,
JD.com,JD_WOO_005_0001,wood spatula JD商品 5-1,4287,5435.6,4.1,29471,品牌旗舰店,图书,2026-02-10 20:10:56,wood spatula,,,,,
JD.com,JD_WOO_005_0002,wood spatula JD商品 5-2,2564,2822.39,4.2,41919,授权专卖店,电子产品,2026-02-10 20:10:56,wood spatula,,,,,
JD.com,JD_WOO_005_0003,wood spatula JD商品 5-3,3082,3782.26,3.8,88646,品牌旗舰店,图书,2026-02-10 20:10:56,wood spatula,,,,,
JD.com,JD_WOO_005_0004,wood spatula JD商品 5-4,3959,4362.47,3.9,8868,品牌旗舰店,家居,2026-02-10 20:10:56,wood spatula,,,,,
JD.com,JD_WOO_005_0005,wood spatula JD商品 5-5,2294,2847.19,4.9,74355,JD自营,运动户外,2026-02-10 20:10:56,wood spatula,,,,,
JD.com,JD_WOO_005_0006,wood spatula JD商品 5-6,2115,2350.62,4.8,83894,授权专卖店,电子产品,2026-02-10 20:10:56,wood spatula,,,,,
JD.com,JD_WOO_006_0000,wood spatula JD商品 6-0,3842,4265.7,4.8,80566,授权专卖店,运动户外,2026-02-10 20:11:01,wood spatula,,,,,
JD.com,JD_WOO_006_0001,wood spatula JD商品 6-1,2523,3231.44,4.2,42012,JD自营,图书,2026-02-10 20:11:01,wood spatula,,,,,
JD.com,JD_WOO_006_0002,wood spatula JD商品 6-2,4690,5977.62,4.5,73520,授权专卖店,家居,2026-02-10 20:11:01,wood spatula,,,,,
JD.com,JD_WOO_006_0003,wood spatula JD商品 6-3,4406,5318.36,3.7,9767,JD自营,电子产品,2026-02-10 20:11:01,wood spatula,,,,,
JD.com,JD_WOO_006_0004,wood spatula JD商品 6-4,4528,5064.01,4.6,74699,JD自营,运动户外,2026-02-10 20:11:01,wood spatula,,,,,
JD.com,JD_WOO_006_0005,wood spatula JD商品 6-5,4655,5704.84,4.7,77124,授权专卖店,运动户外,2026-02-10 20:11:01,wood spatula,,,,,
JD.com,JD_WOO_006_0006,wood spatula JD商品 6-6,4304,5550.75,4.8,51414,品牌旗舰店,图书,2026-02-10 20:11:01,wood spatula,,,,,
JD.com,JD_WOO_006_0007,wood spatula JD商品 6-7,2649,2978.32,4.6,46385,品牌旗舰店,运动户外,2026-02-10 20:11:01,wood spatula,,,,,
JD.com,JD_WOO_006_0008,wood spatula JD商品 6-8,856,1076.73,3.6,48697,品牌旗舰店,图书,2026-02-10 20:11:01,wood spatula,,,,,
JD.com,JD_WOO_006_0009,wood spatula JD商品 6-9,4072,4558.61,4.4,48056,JD自营,运动户外,2026-02-10 20:11:01,wood spatula,,,,,
JD.com,JD_WOO_007_0000,wood spatula JD商品 7-0,1200,1322.28,5.0,14003,授权专卖店,家居,2026-02-10 20:11:06,wood spatula,,,,,
JD.com,JD_WOO_007_0001,wood spatula JD商品 7-1,2736,3142.65,3.5,80026,授权专卖店,运动户外,2026-02-10 20:11:06,wood spatula,,,,,
JD.com,JD_WOO_007_0002,wood spatula JD商品 7-2,1717,1992.92,4.6,48009,JD自营,电子产品,2026-02-10 20:11:06,wood spatula,,,,,
JD.com,JD_WOO_007_0003,wood spatula JD商品 7-3,2545,3186.19,3.9,72978,品牌旗舰店,运动户外,2026-02-10 20:11:06,wood spatula,,,,,
JD.com,JD_WOO_007_0004,wood spatula JD商品 7-4,3982,4628.96,4.4,99963,品牌旗舰店,运动户外,2026-02-10 20:11:06,wood spatula,,,,,
JD.com,JD_WOO_007_0005,wood spatula JD商品 7-5,4883,6003.43,3.7,12097,品牌旗舰店,图书,2026-02-10 20:11:06,wood spatula,,,,,
JD.com,JD_WOO_008_0000,wood spatula JD商品 8-0,3499,3914.93,3.9,79710,品牌旗舰店,服装,2026-02-10 20:11:11,wood spatula,,,,,
JD.com,JD_WOO_008_0001,wood spatula JD商品 8-1,1352,1708.1,4.8,64355,授权专卖店,运动户外,2026-02-10 20:11:11,wood spatula,,,,,
JD.com,JD_WOO_008_0002,wood spatula JD商品 8-2,4293,5232.6,4.9,8818,品牌旗舰店,图书,2026-02-10 20:11:11,wood spatula,,,,,
JD.com,JD_WOO_008_0003,wood spatula JD商品 8-3,3040,3840.62,4.3,59277,JD自营,电子产品,2026-02-10 20:11:11,wood spatula,,,,,
JD.com,JD_WOO_008_0004,wood spatula JD商品 8-4,3083,3915.6,4.7,40631,品牌旗舰店,图书,2026-02-10 20:11:11,wood spatula,,,,,
JD.com,JD_WOO_008_0005,wood spatula JD商品 8-5,1012,1230.46,5.0,59202,品牌旗舰店,服装,2026-02-10 20:11:11,wood spatula,,,,,
JD.com,JD_WOO_008_0006,wood spatula JD商品 8-6,2657,3354.66,4.5,60752,授权专卖店,家居,2026-02-10 20:11:11,wood spatula,,,,,
JD.com,JD_WOO_008_0007,wood spatula JD商品 8-7,604,740.8,3.9,25953,品牌旗舰店,服装,2026-02-10 20:11:11,wood spatula,,,,,
JD.com,JD_WOO_008_0008,wood spatula JD商品 8-8,2715,3221.92,4.7,66237,JD自营,图书,2026-02-10 20:11:11,wood spatula,,,,,
JD.com,JD_WOO_009_0000,wood spatula JD商品 9-0,4866,5692.87,4.2,77456,品牌旗舰店,图书,2026-02-10 20:11:16,wood spatula,,,,,
JD.com,JD_WOO_009_0001,wood spatula JD商品 9-1,4851,6080.0,4.0,70893,品牌旗舰店,服装,2026-02-10 20:11:16,wood spatula,,,,,
JD.com,JD_WOO_009_0002,wood spatula JD商品 9-2,4851,6131.22,4.3,73801,JD自营,运动户外,2026-02-10 20:11:16,wood spatula,,,,,
JD.com,JD_WOO_009_0003,wood spatula JD商品 9-3,3790,4568.62,4.7,88227,JD自营,图书,2026-02-10 20:11:16,wood spatula,,,,,
JD.com,JD_WOO_009_0004,wood spatula JD商品 9-4,2166,2741.38,4.2,98612,品牌旗舰店,服装,2026-02-10 20:11:16,wood spatula,,,,,
JD.com,JD_WOO_009_0005,wood spatula JD商品 9-5,819,941.78,4.9,19756,品牌旗舰店,家居,2026-02-10 20:11:16,wood spatula,,,,,
JD.com,JD_WOO_009_0006,wood spatula JD商品 9-6,3887,4915.84,4.5,60530,品牌旗舰店,运动户外,2026-02-10 20:11:16,wood spatula,,,,,
JD.com,JD_WOO_009_0007,wood spatula JD商品 9-7,4685,5379.49,3.8,41182,授权专卖店,服装,2026-02-10 20:11:16,wood spatula,,,,,
JD.com,JD_WOO_009_0008,wood spatula JD商品 9-8,3493,4527.69,4.0,7711,JD自营,图书,2026-02-10 20:11:16,wood spatula,,,,,
JD.com,JD_WOO_010_0000,wood spatula JD商品 10-0,3712,4631.56,4.6,16052,品牌旗舰店,运动户外,2026-02-10 20:11:21,wood spatula,,,,,
JD.com,JD_WOO_010_0001,wood spatula JD商品 10-1,4897,5657.24,4.4,70198,授权专卖店,图书,2026-02-10 20:11:21,wood spatula,,,,,
JD.com,JD_WOO_010_0002,wood spatula JD商品 10-2,3804,4577.55,4.5,14393,授权专卖店,家居,2026-02-10 20:11:21,wood spatula,,,,,
JD.com,JD_WOO_010_0003,wood spatula JD商品 10-3,3897,4505.28,4.4,61886,品牌旗舰店,家居,2026-02-10 20:11:21,wood spatula,,,,,
JD.com,JD_WOO_010_0004,wood spatula JD商品 10-4,3761,4560.31,3.6,69073,JD自营,电子产品,2026-02-10 20:11:21,wood spatula,,,,,
JD.com,JD_WOO_010_0005,wood spatula JD商品 10-5,4841,6140.78,4.0,51072,品牌旗舰店,电子产品,2026-02-10 20:11:21,wood spatula,,,,,
JD.com,JD_WOO_010_0006,wood spatula JD商品 10-6,2128,2509.65,4.9,49842,授权专卖店,家居,2026-02-10 20:11:21,wood spatula,,,,,
JD.com,JD_SAMPLE_1_0,联想平板型号1,4657,5588.0,4.9,26607,联想官方旗舰店,平板,2026-02-11 00:30:04,,"{""品牌"": ""联想"", ""颜色"": ""白色"", ""内存"": ""12GB""}",https://via.placeholder.com/150?text=联想,https://item.jd.com/SAMPLE10.html,2026-02-11 00:30:10,drawing book
JD.com,JD_SAMPLE_1_1,戴尔手表型号2,8387,10064.0,4.4,33196,戴尔官方旗舰店,手表,2026-02-11 00:30:04,,"{""品牌"": ""戴尔"", ""颜色"": ""黑色"", ""内存"": ""8GB""}",https://via.placeholder.com/150?text=戴尔,https://item.jd.com/SAMPLE11.html,2026-02-11 00:30:10,drawing book
JD.com,JD_SAMPLE_1_2,小米手机型号3,3469,4162.0,3.8,10984,小米官方旗舰店,手机,2026-02-11 00:30:04,,"{""品牌"": ""小米"", ""颜色"": ""蓝色"", ""内存"": ""8GB""}",https://via.placeholder.com/150?text=小米,https://item.jd.com/SAMPLE12.html,2026-02-11 00:30:10,drawing book
JD.com,JD_SAMPLE_1_3,三星笔记本型号4,9222,11066.0,5.0,67247,三星官方旗舰店,笔记本,2026-02-11 00:30:04,,"{""品牌"": ""三星"", ""颜色"": ""黑色"", ""内存"": ""8GB""}",https://via.placeholder.com/150?text=三星,https://item.jd.com/SAMPLE13.html,2026-02-11 00:30:10,drawing book
JD.com,JD_SAMPLE_1_4,苹果手机型号5,5000,6000.0,5.0,35960,苹果官方旗舰店,手机,2026-02-11 00:30:04,,"{""品牌"": ""苹果"", ""颜色"": ""黑色"", ""内存"": ""8GB""}",https://via.placeholder.com/150?text=苹果,https://item.jd.com/SAMPLE14.html,2026-02-11 00:30:10,drawing book
JD.com,JD_SAMPLE_1_5,华为手机型号6,1614,1936.0,4.1,6513,华为官方旗舰店,手机,2026-02-11 00:30:04,,"{""品牌"": ""华为"", ""颜色"": ""白色"", ""内存"": ""8GB""}",https://via.placeholder.com/150?text=华为,https://item.jd.com/SAMPLE15.html,2026-02-11 00:30:10,drawing book
JD.com,JD_SAMPLE_1_6,小米手机型号7,3513,4215.0,4.7,97803,小米官方旗舰店,手机,2026-02-11 00:30:04,,"{""品牌"": ""小米"", ""颜色"": ""黑色"", ""内存"": ""8GB""}",https://via.placeholder.com/150?text=小米,https://item.jd.com/SAMPLE16.html,2026-02-11 00:30:10,drawing book
JD.com,JD_SAMPLE_1_7,三星耳机型号8,5025,6030.0,4.1,5044,三星官方旗舰店,耳机,2026-02-11 00:30:04,,"{""品牌"": ""三星"", ""颜色"": ""白色"", ""内存"": ""8GB""}",https://via.placeholder.com/150?text=三星,https://item.jd.com/SAMPLE17.html,2026-02-11 00:30:10,drawing book
JD.com,JD_SAMPLE_2_0,联想手机型号1,2763,3315.0,4.6,29361,联想官方旗舰店,手机,2026-02-11 00:30:04,,"{""品牌"": ""联想"", ""颜色"": ""蓝色"", ""内存"": ""12GB""}",https://via.placeholder.com/150?text=联想,https://item.jd.com/SAMPLE20.html,2026-02-11 00:30:10,drawing book
JD.com,JD_SAMPLE_2_1,苹果耳机型号2,3738,4485.0,4.5,43809,苹果官方旗舰店,耳机,2026-02-11 00:30:04,,"{""品牌"": ""苹果"", ""颜色"": ""黑色"", ""内存"": ""8GB""}",https://via.placeholder.com/150?text=苹果,https://item.jd.com/SAMPLE21.html,2026-02-11 00:30:10,drawing book
JD.com,JD_SAMPLE_2_2,小米手机型号3,8289,9946.0,4.1,84468,小米官方旗舰店,手机,2026-02-11 00:30:04,,"{""品牌"": ""小米"", ""颜色"": ""白色"", ""内存"": ""12GB""}",https://via.placeholder.com/150?text=小米,https://item.jd.com/SAMPLE22.html,2026-02-11 00:30:10,drawing book
JD.com,JD_SAMPLE_2_3,戴尔平板型号4,1016,1219.0,4.2,55155,戴尔官方旗舰店,平板,2026-02-11 00:30:04,,"{""品牌"": ""戴尔"", ""颜色"": ""白色"", ""内存"": ""16GB""}",https://via.placeholder.com/150?text=戴尔,https://item.jd.com/SAMPLE23.html,2026-02-11 00:30:10,drawing book
JD.com,JD_SAMPLE_2_4,华为手机型号5,5591,6709.0,3.9,97721,华为官方旗舰店,手机,2026-02-11 00:30:04,,"{""品牌"": ""华为"", ""颜色"": ""黑色"", ""内存"": ""16GB""}",https://via.placeholder.com/150?text=华为,https://item.jd.com/SAMPLE24.html,2026-02-11 00:30:10,drawing book
JD.com,JD_SAMPLE_2_5,小米手表型号6,8100,9720.0,4.3,68003,小米官方旗舰店,手表,2026-02-11 00:30:04,,"{""品牌"": ""小米"", ""颜色"": ""蓝色"", ""内存"": ""12GB""}",https://via.placeholder.com/150?text=小米,https://item.jd.com/SAMPLE25.html,2026-02-11 00:30:10,drawing book
JD.com,JD_SAMPLE_2_6,小米耳机型号7,6718,8061.0,3.9,31642,小米官方旗舰店,耳机,2026-02-11 00:30:04,,"{""品牌"": ""小米"", ""颜色"": ""白色"", ""内存"": ""16GB""}",https://via.placeholder.com/150?text=小米,https://item.jd.com/SAMPLE26.html,2026-02-11 00:30:10,drawing book
JD.com,JD_SAMPLE_2_7,华为手表型号8,1708,2049.0,4.5,96083,华为官方旗舰店,手表,2026-02-11 00:30:04,,"{""品牌"": ""华为"", ""颜色"": ""白色"", ""内存"": ""12GB""}",https://via.placeholder.com/150?text=华为,https://item.jd.com/SAMPLE27.html,2026-02-11 00:30:10,drawing book
JD.com,JD_SAMPLE_3_0,联想笔记本型号1,1781,2137.0,4.8,78741,联想官方旗舰店,笔记本,2026-02-11 00:30:05,,"{""品牌"": ""联想"", ""颜色"": ""白色"", ""内存"": ""12GB""}",https://via.placeholder.com/150?text=联想,https://item.jd.com/SAMPLE30.html,2026-02-11 00:30:10,drawing book
JD.com,JD_SAMPLE_3_1,小米笔记本型号2,3370,4044.0,4.4,47176,小米官方旗舰店,笔记本,2026-02-11 00:30:05,,"{""品牌"": ""小米"", ""颜色"": ""白色"", ""内存"": ""12GB""}",https://via.placeholder.com/150?text=小米,https://item.jd.com/SAMPLE31.html,2026-02-11 00:30:10,drawing book
JD.com,JD_SAMPLE_3_2,三星笔记本型号3,7484,8980.0,4.6,44353,三星官方旗舰店,笔记本,2026-02-11 00:30:05,,"{""品牌"": ""三星"", ""颜色"": ""黑色"", ""内存"": ""8GB""}",https://via.placeholder.com/150?text=三星,https://item.jd.com/SAMPLE32.html,2026-02-11 00:30:10,drawing book
JD.com,JD_SAMPLE_3_3,三星手表型号4,8327,9992.0,5.0,73800,三星官方旗舰店,手表,2026-02-11 00:30:05,,"{""品牌"": ""三星"", ""颜色"": ""蓝色"", ""内存"": ""8GB""}",https://via.placeholder.com/150?text=三星,https://item.jd.com/SAMPLE33.html,2026-02-11 00:30:10,drawing book
JD.com,JD_SAMPLE_3_4,小米笔记本型号5,5345,6414.0,4.4,36510,小米官方旗舰店,笔记本,2026-02-11 00:30:05,,"{""品牌"": ""小米"", ""颜色"": ""白色"", ""内存"": ""8GB""}",https://via.placeholder.com/150?text=小米,https://item.jd.com/SAMPLE34.html,2026-02-11 00:30:10,drawing book
JD.com,JD_SAMPLE_3_5,联想笔记本型号6,1060,1272.0,4.1,28324,联想官方旗舰店,笔记本,2026-02-11 00:30:05,,"{""品牌"": ""联想"", ""颜色"": ""黑色"", ""内存"": ""16GB""}",https://via.placeholder.com/150?text=联想,https://item.jd.com/SAMPLE35.html,2026-02-11 00:30:10,drawing book
JD.com,JD_SAMPLE_3_6,联想手机型号7,6125,7350.0,4.9,71703,联想官方旗舰店,手机,2026-02-11 00:30:05,,"{""品牌"": ""联想"", ""颜色"": ""蓝色"", ""内存"": ""16GB""}",https://via.placeholder.com/150?text=联想,https://item.jd.com/SAMPLE36.html,2026-02-11 00:30:10,drawing book
JD.com,JD_SAMPLE_3_7,苹果手机型号8,5407,6488.0,5.0,32627,苹果官方旗舰店,手机,2026-02-11 00:30:05,,"{""品牌"": ""苹果"", ""颜色"": ""蓝色"", ""内存"": ""12GB""}",https://via.placeholder.com/150?text=苹果,https://item.jd.com/SAMPLE37.html,2026-02-11 00:30:10,drawing book
JD.com,JD_SAMPLE_4_0,联想手表型号1,7763,9315.0,4.1,99038,联想官方旗舰店,手表,2026-02-11 00:30:06,,"{""品牌"": ""联想"", ""颜色"": ""黑色"", ""内存"": ""8GB""}",https://via.placeholder.com/150?text=联想,https://item.jd.com/SAMPLE40.html,2026-02-11 00:30:10,drawing book
JD.com,JD_SAMPLE_4_1,小米手机型号2,7555,9066.0,4.2,57325,小米官方旗舰店,手机,2026-02-11 00:30:06,,"{""品牌"": ""小米"", ""颜色"": ""白色"", ""内存"": ""12GB""}",https://via.placeholder.com/150?text=小米,https://item.jd.com/SAMPLE41.html,2026-02-11 00:30:10,drawing book
JD.com,JD_SAMPLE_4_2,苹果手机型号3,4185,5022.0,4.8,58555,苹果官方旗舰店,手机,2026-02-11 00:30:06,,"{""品牌"": ""苹果"", ""颜色"": ""蓝色"", ""内存"": ""16GB""}",https://via.placeholder.com/150?text=苹果,https://item.jd.com/SAMPLE42.html,2026-02-11 00:30:10,drawing book
JD.com,JD_SAMPLE_4_3,小米笔记本型号4,4834,5800.0,4.6,48099,小米官方旗舰店,笔记本,2026-02-11 00:30:06,,"{""品牌"": ""小米"", ""颜色"": ""白色"", ""内存"": ""8GB""}",https://via.placeholder.com/150?text=小米,https://item.jd.com/SAMPLE43.html,2026-02-11 00:30:10,drawing book
JD.com,JD_SAMPLE_4_4,小米平板型号5,3522,4226.0,4.3,91374,小米官方旗舰店,平板,2026-02-11 00:30:06,,"{""品牌"": ""小米"", ""颜色"": ""白色"", ""内存"": ""12GB""}",https://via.placeholder.com/150?text=小米,https://item.jd.com/SAMPLE44.html,2026-02-11 00:30:10,drawing book
JD.com,JD_SAMPLE_4_5,联想平板型号6,7305,8766.0,4.4,32408,联想官方旗舰店,平板,2026-02-11 00:30:06,,"{""品牌"": ""联想"", ""颜色"": ""蓝色"", ""内存"": ""12GB""}",https://via.placeholder.com/150?text=联想,https://item.jd.com/SAMPLE45.html,2026-02-11 00:30:10,drawing book
JD.com,JD_SAMPLE_4_6,联想笔记本型号7,3664,4396.0,3.8,40979,联想官方旗舰店,笔记本,2026-02-11 00:30:06,,"{""品牌"": ""联想"", ""颜色"": ""黑色"", ""内存"": ""12GB""}",https://via.placeholder.com/150?text=联想,https://item.jd.com/SAMPLE46.html,2026-02-11 00:30:10,drawing book
JD.com,JD_SAMPLE_4_7,戴尔手表型号8,8621,10345.0,4.1,26255,戴尔官方旗舰店,手表,2026-02-11 00:30:06,,"{""品牌"": ""戴尔"", ""颜色"": ""蓝色"", ""内存"": ""16GB""}",https://via.placeholder.com/150?text=戴尔,https://item.jd.com/SAMPLE47.html,2026-02-11 00:30:10,drawing book
JD.com,JD_SAMPLE_5_0,三星手表型号1,6343,7611.0,4.3,56110,三星官方旗舰店,手表,2026-02-11 00:30:07,,"{""品牌"": ""三星"", ""颜色"": ""蓝色"", ""内存"": ""16GB""}",https://via.placeholder.com/150?text=三星,https://item.jd.com/SAMPLE50.html,2026-02-11 00:30:10,drawing book
JD.com,JD_SAMPLE_5_1,小米手机型号2,8101,9721.0,4.0,58234,小米官方旗舰店,手机,2026-02-11 00:30:07,,"{""品牌"": ""小米"", ""颜色"": ""白色"", ""内存"": ""8GB""}",https://via.placeholder.com/150?text=小米,https://item.jd.com/SAMPLE51.html,2026-02-11 00:30:10,drawing book
JD.com,JD_SAMPLE_5_2,小米耳机型号3,3099,3718.0,4.8,26217,小米官方旗舰店,耳机,2026-02-11 00:30:07,,"{""品牌"": ""小米"", ""颜色"": ""白色"", ""内存"": ""8GB""}",https://via.placeholder.com/150?text=小米,https://item.jd.com/SAMPLE52.html,2026-02-11 00:30:10,drawing book
JD.com,JD_SAMPLE_5_3,联想笔记本型号4,9994,11992.0,4.3,64300,联想官方旗舰店,笔记本,2026-02-11 00:30:07,,"{""品牌"": ""联想"", ""颜色"": ""蓝色"", ""内存"": ""12GB""}",https://via.placeholder.com/150?text=联想,https://item.jd.com/SAMPLE53.html,2026-02-11 00:30:10,drawing book
JD.com,JD_SAMPLE_5_4,小米手机型号5,3099,3718.0,3.9,97489,小米官方旗舰店,手机,2026-02-11 00:30:07,,"{""品牌"": ""小米"", ""颜色"": ""白色"", ""内存"": ""16GB""}",https://via.placeholder.com/150?text=小米,https://item.jd.com/SAMPLE54.html,2026-02-11 00:30:10,drawing book
JD.com,JD_SAMPLE_5_5,戴尔手表型号6,4579,5494.0,5.0,26026,戴尔官方旗舰店,手表,2026-02-11 00:30:07,,"{""品牌"": ""戴尔"", ""颜色"": ""黑色"", ""内存"": ""8GB""}",https://via.placeholder.com/150?text=戴尔,https://item.jd.com/SAMPLE55.html,2026-02-11 00:30:10,drawing book
JD.com,JD_SAMPLE_5_6,联想耳机型号7,7994,9592.0,4.2,32303,联想官方旗舰店,耳机,2026-02-11 00:30:07,,"{""品牌"": ""联想"", ""颜色"": ""黑色"", ""内存"": ""8GB""}",https://via.placeholder.com/150?text=联想,https://item.jd.com/SAMPLE56.html,2026-02-11 00:30:10,drawing book
JD.com,JD_SAMPLE_5_7,小米笔记本型号8,9956,11947.0,4.1,10835,小米官方旗舰店,笔记本,2026-02-11 00:30:07,,"{""品牌"": ""小米"", ""颜色"": ""蓝色"", ""内存"": ""8GB""}",https://via.placeholder.com/150?text=小米,https://item.jd.com/SAMPLE57.html,2026-02-11 00:30:10,drawing book
JD.com,JD_SAMPLE_6_0,苹果手机型号1,7842,9410.0,5.0,91801,苹果官方旗舰店,手机,2026-02-11 00:30:07,,"{""品牌"": ""苹果"", ""颜色"": ""蓝色"", ""内存"": ""12GB""}",https://via.placeholder.com/150?text=苹果,https://item.jd.com/SAMPLE60.html,2026-02-11 00:30:10,drawing book
JD.com,JD_SAMPLE_6_1,联想手表型号2,5612,6734.0,4.2,30348,联想官方旗舰店,手表,2026-02-11 00:30:07,,"{""品牌"": ""联想"", ""颜色"": ""白色"", ""内存"": ""16GB""}",https://via.placeholder.com/150?text=联想,https://item.jd.com/SAMPLE61.html,2026-02-11 00:30:10,drawing book
JD.com,JD_SAMPLE_6_2,苹果手机型号3,2866,3439.0,4.9,57063,苹果官方旗舰店,手机,2026-02-11 00:30:07,,"{""品牌"": ""苹果"", ""颜色"": ""黑色"", ""内存"": ""8GB""}",https://via.placeholder.com/150?text=苹果,https://item.jd.com/SAMPLE62.html,2026-02-11 00:30:10,drawing book
JD.com,JD_SAMPLE_6_3,小米手机型号4,3986,4783.0,3.8,76603,小米官方旗舰店,手机,2026-02-11 00:30:07,,"{""品牌"": ""小米"", ""颜色"": ""蓝色"", ""内存"": ""12GB""}",https://via.placeholder.com/150?text=小米,https://item.jd.com/SAMPLE63.html,2026-02-11 00:30:10,drawing book
JD.com,JD_SAMPLE_6_4,小米耳机型号5,4173,5007.0,3.9,62389,小米官方旗舰店,耳机,2026-02-11 00:30:07,,"{""品牌"": ""小米"", ""颜色"": ""白色"", ""内存"": ""16GB""}",https://via.placeholder.com/150?text=小米,https://item.jd.com/SAMPLE64.html,2026-02-11 00:30:10,drawing book
JD.com,JD_SAMPLE_6_5,华为耳机型号6,8412,10094.0,4.3,46269,华为官方旗舰店,耳机,2026-02-11 00:30:07,,"{""品牌"": ""华为"", ""颜色"": ""黑色"", ""内存"": ""12GB""}",https://via.placeholder.com/150?text=华为,https://item.jd.com/SAMPLE65.html,2026-02-11 00:30:10,drawing book
JD.com,JD_SAMPLE_6_6,三星手表型号7,8841,10609.0,4.8,84947,三星官方旗舰店,手表,2026-02-11 00:30:07,,"{""品牌"": ""三星"", ""颜色"": ""白色"", ""内存"": ""16GB""}",https://via.placeholder.com/150?text=三星,https://item.jd.com/SAMPLE66.html,2026-02-11 00:30:10,drawing book
JD.com,JD_SAMPLE_6_7,戴尔耳机型号8,9419,11302.0,4.5,31354,戴尔官方旗舰店,耳机,2026-02-11 00:30:07,,"{""品牌"": ""戴尔"", ""颜色"": ""蓝色"", ""内存"": ""12GB""}",https://via.placeholder.com/150?text=戴尔,https://item.jd.com/SAMPLE67.html,2026-02-11 00:30:10,drawing book
JD.com,JD_SAMPLE_7_0,苹果手机型号1,9934,11920.0,4.2,72859,苹果官方旗舰店,手机,2026-02-11 00:30:07,,"{""品牌"": ""苹果"", ""颜色"": ""白色"", ""内存"": ""16GB""}",https://via.placeholder.com/150?text=苹果,https://item.jd.com/SAMPLE70.html,2026-02-11 00:30:10,drawing book
JD.com,JD_SAMPLE_7_1,小米耳机型号2,7915,9498.0,4.8,83311,小米官方旗舰店,耳机,2026-02-11 00:30:07,,"{""品牌"": ""小米"", ""颜色"": ""蓝色"", ""内存"": ""16GB""}",https://via.placeholder.com/150?text=小米,https://item.jd.com/SAMPLE71.html,2026-02-11 00:30:10,drawing book
JD.com,JD_SAMPLE_7_2,联想平板型号3,4735,5682.0,4.3,93216,联想官方旗舰店,平板,2026-02-11 00:30:07,,"{""品牌"": ""联想"", ""颜色"": ""蓝色"", ""内存"": ""16GB""}",https://via.placeholder.com/150?text=联想,https://item.jd.com/SAMPLE72.html,2026-02-11 00:30:10,drawing book
JD.com,JD_SAMPLE_7_3,联想手机型号4,4961,5953.0,4.3,60228,联想官方旗舰店,手机,2026-02-11 00:30:07,,"{""品牌"": ""联想"", ""颜色"": ""黑色"", ""内存"": ""8GB""}",https://via.placeholder.com/150?text=联想,https://item.jd.com/SAMPLE73.html,2026-02-11 00:30:10,drawing book
JD.com,JD_SAMPLE_7_4,三星耳机型号5,9294,11152.0,4.7,81304,三星官方旗舰店,耳机,2026-02-11 00:30:07,,"{""品牌"": ""三星"", ""颜色"": ""白色"", ""内存"": ""16GB""}",https://via.placeholder.com/150?text=三星,https://item.jd.com/SAMPLE74.html,2026-02-11 00:30:10,drawing book
JD.com,JD_SAMPLE_7_5,小米笔记本型号6,2913,3495.0,3.8,59807,小米官方旗舰店,笔记本,2026-02-11 00:30:07,,"{""品牌"": ""小米"", ""颜色"": ""黑色"", ""内存"": ""12GB""}",https://via.placeholder.com/150?text=小米,https://item.jd.com/SAMPLE75.html,2026-02-11 00:30:10,drawing book
JD.com,JD_SAMPLE_7_6,小米手表型号7,2639,3166.0,4.5,33141,小米官方旗舰店,手表,2026-02-11 00:30:07,,"{""品牌"": ""小米"", ""颜色"": ""黑色"", ""内存"": ""16GB""}",https://via.placeholder.com/150?text=小米,https://item.jd.com/SAMPLE76.html,2026-02-11 00:30:10,drawing book
JD.com,JD_SAMPLE_7_7,三星手机型号8,8181,9817.0,4.4,46216,三星官方旗舰店,手机,2026-02-11 00:30:07,,"{""品牌"": ""三星"", ""颜色"": ""白色"", ""内存"": ""16GB""}",https://via.placeholder.com/150?text=三星,https://item.jd.com/SAMPLE77.html,2026-02-11 00:30:10,drawing book
JD.com,JD_SAMPLE_8_0,三星笔记本型号1,7221,8665.0,4.2,12006,三星官方旗舰店,笔记本,2026-02-11 00:30:08,,"{""品牌"": ""三星"", ""颜色"": ""白色"", ""内存"": ""16GB""}",https://via.placeholder.com/150?text=三星,https://item.jd.com/SAMPLE80.html,2026-02-11 00:30:10,drawing book
JD.com,JD_SAMPLE_8_1,戴尔手表型号2,4437,5324.0,4.1,63572,戴尔官方旗舰店,手表,2026-02-11 00:30:08,,"{""品牌"": ""戴尔"", ""颜色"": ""白色"", ""内存"": ""8GB""}",https://via.placeholder.com/150?text=戴尔,https://item.jd.com/SAMPLE81.html,2026-02-11 00:30:10,drawing book
JD.com,JD_SAMPLE_8_2,苹果平板型号3,7780,9336.0,5.0,58119,苹果官方旗舰店,平板,2026-02-11 00:30:08,,"{""品牌"": ""苹果"", ""颜色"": ""黑色"", ""内存"": ""12GB""}",https://via.placeholder.com/150?text=苹果,https://item.jd.com/SAMPLE82.html,2026-02-11 00:30:10,drawing book
JD.com,JD_SAMPLE_8_3,苹果手机型号4,7937,9524.0,4.1,62836,苹果官方旗舰店,手机,2026-02-11 00:30:08,,"{""品牌"": ""苹果"", ""颜色"": ""白色"", ""内存"": ""12GB""}",https://via.placeholder.com/150?text=苹果,https://item.jd.com/SAMPLE83.html,2026-02-11 00:30:10,drawing book
JD.com,JD_SAMPLE_8_4,小米手机型号5,4307,5168.0,4.0,72132,小米官方旗舰店,手机,2026-02-11 00:30:08,,"{""品牌"": ""小米"", ""颜色"": ""蓝色"", ""内存"": ""8GB""}",https://via.placeholder.com/150?text=小米,https://item.jd.com/SAMPLE84.html,2026-02-11 00:30:10,drawing book
JD.com,JD_SAMPLE_8_5,苹果平板型号6,2697,3236.0,4.3,73211,苹果官方旗舰店,平板,2026-02-11 00:30:08,,"{""品牌"": ""苹果"", ""颜色"": ""白色"", ""内存"": ""12GB""}",https://via.placeholder.com/150?text=苹果,https://item.jd.com/SAMPLE85.html,2026-02-11 00:30:10,drawing book
JD.com,JD_SAMPLE_8_6,联想笔记本型号7,6498,7797.0,4.0,48849,联想官方旗舰店,笔记本,2026-02-11 00:30:08,,"{""品牌"": ""联想"", ""颜色"": ""白色"", ""内存"": ""12GB""}",https://via.placeholder.com/150?text=联想,https://item.jd.com/SAMPLE86.html,2026-02-11 00:30:10,drawing book
JD.com,JD_SAMPLE_8_7,联想平板型号8,7197,8636.0,4.6,70986,联想官方旗舰店,平板,2026-02-11 00:30:08,,"{""品牌"": ""联想"", ""颜色"": ""黑色"", ""内存"": ""8GB""}",https://via.placeholder.com/150?text=联想,https://item.jd.com/SAMPLE87.html,2026-02-11 00:30:10,drawing book
JD.com,JD_SAMPLE_9_0,三星耳机型号1,6469,7762.0,4.2,63915,三星官方旗舰店,耳机,2026-02-11 00:30:08,,"{""品牌"": ""三星"", ""颜色"": ""黑色"", ""内存"": ""8GB""}",https://via.placeholder.com/150?text=三星,https://item.jd.com/SAMPLE90.html,2026-02-11 00:30:10,drawing book
JD.com,JD_SAMPLE_9_1,小米手机型号2,6077,7292.0,4.8,15449,小米官方旗舰店,手机,2026-02-11 00:30:08,,"{""品牌"": ""小米"", ""颜色"": ""白色"", ""内存"": ""12GB""}",https://via.placeholder.com/150?text=小米,https://item.jd.com/SAMPLE91.html,2026-02-11 00:30:10,drawing book
JD.com,JD_SAMPLE_9_2,华为笔记本型号3,6762,8114.0,3.8,93963,华为官方旗舰店,笔记本,2026-02-11 00:30:08,,"{""品牌"": ""华为"", ""颜色"": ""白色"", ""内存"": ""8GB""}",https://via.placeholder.com/150?text=华为,https://item.jd.com/SAMPLE92.html,2026-02-11 00:30:10,drawing book
JD.com,JD_SAMPLE_9_3,三星耳机型号4,8515,10218.0,4.4,19510,三星官方旗舰店,耳机,2026-02-11 00:30:08,,"{""品牌"": ""三星"", ""颜色"": ""白色"", ""内存"": ""8GB""}",https://via.placeholder.com/150?text=三星,https://item.jd.com/SAMPLE93.html,2026-02-11 00:30:10,drawing book
JD.com,JD_SAMPLE_9_4,三星笔记本型号5,8432,10118.0,4.6,57793,三星官方旗舰店,笔记本,2026-02-11 00:30:08,,"{""品牌"": ""三星"", ""颜色"": ""白色"", ""内存"": ""12GB""}",https://via.placeholder.com/150?text=三星,https://item.jd.com/SAMPLE94.html,2026-02-11 00:30:10,drawing book
JD.com,JD_SAMPLE_9_5,三星耳机型号6,2216,2659.0,4.2,83389,三星官方旗舰店,耳机,2026-02-11 00:30:08,,"{""品牌"": ""三星"", ""颜色"": ""黑色"", ""内存"": ""16GB""}",https://via.placeholder.com/150?text=三星,https://item.jd.com/SAMPLE95.html,2026-02-11 00:30:10,drawing book
JD.com,JD_SAMPLE_9_6,小米平板型号7,6207,7448.0,3.8,41861,小米官方旗舰店,平板,2026-02-11 00:30:08,,"{""品牌"": ""小米"", ""颜色"": ""白色"", ""内存"": ""16GB""}",https://via.placeholder.com/150?text=小米,https://item.jd.com/SAMPLE96.html,2026-02-11 00:30:10,drawing book
JD.com,JD_SAMPLE_9_7,戴尔平板型号8,6483,7779.0,4.4,15549,戴尔官方旗舰店,平板,2026-02-11 00:30:08,,"{""品牌"": ""戴尔"", ""颜色"": ""黑色"", ""内存"": ""16GB""}",https://via.placeholder.com/150?text=戴尔,https://item.jd.com/SAMPLE97.html,2026-02-11 00:30:10,drawing book
JD.com,JD_SAMPLE_10_0,戴尔笔记本型号1,9005,10806.0,4.6,70413,戴尔官方旗舰店,笔记本,2026-02-11 00:30:09,,"{""品牌"": ""戴尔"", ""颜色"": ""白色"", ""内存"": ""8GB""}",https://via.placeholder.com/150?text=戴尔,https://item.jd.com/SAMPLE100.html,2026-02-11 00:30:10,drawing book
JD.com,JD_SAMPLE_10_1,戴尔耳机型号2,8970,10764.0,4.2,12229,戴尔官方旗舰店,耳机,2026-02-11 00:30:09,,"{""品牌"": ""戴尔"", ""颜色"": ""蓝色"", ""内存"": ""12GB""}",https://via.placeholder.com/150?text=戴尔,https://item.jd.com/SAMPLE101.html,2026-02-11 00:30:10,drawing book
JD.com,JD_SAMPLE_10_2,三星笔记本型号3,2296,2755.0,4.9,27010,三星官方旗舰店,笔记本,2026-02-11 00:30:09,,"{""品牌"": ""三星"", ""颜色"": ""黑色"", ""内存"": ""8GB""}",https://via.placeholder.com/150?text=三星,https://item.jd.com/SAMPLE102.html,2026-02-11 00:30:10,drawing book
JD.com,JD_SAMPLE_10_3,戴尔手机型号4,4384,5260.0,3.9,69942,戴尔官方旗舰店,手机,2026-02-11 00:30:09,,"{""品牌"": ""戴尔"", ""颜色"": ""白色"", ""内存"": ""12GB""}",https://via.placeholder.com/150?text=戴尔,https://item.jd.com/SAMPLE103.html,2026-02-11 00:30:10,drawing book
JD.com,JD_SAMPLE_10_4,三星耳机型号5,9012,10814.0,4.0,11594,三星官方旗舰店,耳机,2026-02-11 00:30:09,,"{""品牌"": ""三星"", ""颜色"": ""黑色"", ""内存"": ""16GB""}",https://via.placeholder.com/150?text=三星,https://item.jd.com/SAMPLE104.html,2026-02-11 00:30:10,drawing book
JD.com,JD_SAMPLE_10_5,三星平板型号6,2903,3483.0,4.7,28343,三星官方旗舰店,平板,2026-02-11 00:30:09,,"{""品牌"": ""三星"", ""颜色"": ""白色"", ""内存"": ""16GB""}",https://via.placeholder.com/150?text=三星,https://item.jd.com/SAMPLE105.html,2026-02-11 00:30:10,drawing book
JD.com,JD_SAMPLE_10_6,三星手表型号7,5460,6552.0,4.5,28548,三星官方旗舰店,手表,2026-02-11 00:30:09,,"{""品牌"": ""三星"", ""颜色"": ""黑色"", ""内存"": ""8GB""}",https://via.placeholder.com/150?text=三星,https://item.jd.com/SAMPLE106.html,2026-02-11 00:30:10,drawing book
JD.com,JD_SAMPLE_10_7,戴尔手表型号8,5700,6840.0,4.9,94563,戴尔官方旗舰店,手表,2026-02-11 00:30:09,,"{""品牌"": ""戴尔"", ""颜色"": ""黑色"", ""内存"": ""8GB""}",https://via.placeholder.com/150?text=戴尔,https://item.jd.com/SAMPLE107.html,2026-02-11 00:30:10,drawing book
JD.com,JD_SAMPLE_11_0,华为耳机型号1,5977,7172.0,4.1,88530,华为官方旗舰店,耳机,2026-02-11 00:30:09,,"{""品牌"": ""华为"", ""颜色"": ""白色"", ""内存"": ""16GB""}",https://via.placeholder.com/150?text=华为,https://item.jd.com/SAMPLE110.html,2026-02-11 00:30:10,drawing book
JD.com,JD_SAMPLE_11_1,小米平板型号2,4490,5388.0,4.5,14982,小米官方旗舰店,平板,2026-02-11 00:30:09,,"{""品牌"": ""小米"", ""颜色"": ""蓝色"", ""内存"": ""8GB""}",https://via.placeholder.com/150?text=小米,https://item.jd.com/SAMPLE111.html,2026-02-11 00:30:10,drawing book
JD.com,JD_SAMPLE_11_2,华为耳机型号3,2829,3394.0,4.8,19562,华为官方旗舰店,耳机,2026-02-11 00:30:09,,"{""品牌"": ""华为"", ""颜色"": ""蓝色"", ""内存"": ""8GB""}",https://via.placeholder.com/150?text=华为,https://item.jd.com/SAMPLE112.html,2026-02-11 00:30:10,drawing book
JD.com,JD_SAMPLE_11_3,小米耳机型号4,3287,3944.0,4.8,21163,小米官方旗舰店,耳机,2026-02-11 00:30:09,,"{""品牌"": ""小米"", ""颜色"": ""白色"", ""内存"": ""8GB""}",https://via.placeholder.com/150?text=小米,https://item.jd.com/SAMPLE113.html,2026-02-11 00:30:10,drawing book
JD.com,JD_SAMPLE_11_4,联想耳机型号5,1020,1224.0,5.0,64252,联想官方旗舰店,耳机,2026-02-11 00:30:09,,"{""品牌"": ""联想"", ""颜色"": ""黑色"", ""内存"": ""16GB""}",https://via.placeholder.com/150?text=联想,https://item.jd.com/SAMPLE114.html,2026-02-11 00:30:10,drawing book
JD.com,JD_SAMPLE_11_5,三星手机型号6,1838,2205.0,4.0,94406,三星官方旗舰店,手机,2026-02-11 00:30:09,,"{""品牌"": ""三星"", ""颜色"": ""白色"", ""内存"": ""8GB""}",https://via.placeholder.com/150?text=三星,https://item.jd.com/SAMPLE115.html,2026-02-11 00:30:10,drawing book
JD.com,JD_SAMPLE_11_6,小米手机型号7,7047,8456.0,4.9,24344,小米官方旗舰店,手机,2026-02-11 00:30:09,,"{""品牌"": ""小米"", ""颜色"": ""蓝色"", ""内存"": ""8GB""}",https://via.placeholder.com/150?text=小米,https://item.jd.com/SAMPLE116.html,2026-02-11 00:30:10,drawing book
JD.com,JD_SAMPLE_11_7,戴尔手机型号8,4277,5132.0,4.4,65883,戴尔官方旗舰店,手机,2026-02-11 00:30:09,,"{""品牌"": ""戴尔"", ""颜色"": ""黑色"", ""内存"": ""12GB""}",https://via.placeholder.com/150?text=戴尔,https://item.jd.com/SAMPLE117.html,2026-02-11 00:30:10,drawing book
JD.com,JD_SAMPLE_12_0,三星平板型号1,6287,7544.0,4.7,23160,三星官方旗舰店,平板,2026-02-11 00:30:10,,"{""品牌"": ""三星"", ""颜色"": ""黑色"", ""内存"": ""16GB""}",https://via.placeholder.com/150?text=三星,https://item.jd.com/SAMPLE120.html,2026-02-11 00:30:10,drawing book
JD.com,JD_SAMPLE_12_1,三星耳机型号2,9926,11911.0,4.0,95756,三星官方旗舰店,耳机,2026-02-11 00:30:10,,"{""品牌"": ""三星"", ""颜色"": ""黑色"", ""内存"": ""8GB""}",https://via.placeholder.com/150?text=三星,https://item.jd.com/SAMPLE121.html,2026-02-11 00:30:10,drawing book
JD.com,JD_SAMPLE_12_2,华为平板型号3,5755,6906.0,4.5,7813,华为官方旗舰店,平板,2026-02-11 00:30:10,,"{""品牌"": ""华为"", ""颜色"": ""白色"", ""内存"": ""12GB""}",https://via.placeholder.com/150?text=华为,https://item.jd.com/SAMPLE122.html,2026-02-11 00:30:10,drawing book
JD.com,JD_SAMPLE_12_3,华为平板型号4,3263,3915.0,4.7,92885,华为官方旗舰店,平板,2026-02-11 00:30:10,,"{""品牌"": ""华为"", ""颜色"": ""白色"", ""内存"": ""12GB""}",https://via.placeholder.com/150?text=华为,https://item.jd.com/SAMPLE123.html,2026-02-11 00:30:10,drawing book
JD.com,JD_SAMPLE_12_4,小米耳机型号5,9435,11322.0,3.9,45126,小米官方旗舰店,耳机,2026-02-11 00:30:10,,"{""品牌"": ""小米"", ""颜色"": ""白色"", ""内存"": ""12GB""}",https://via.placeholder.com/150?text=小米,https://item.jd.com/SAMPLE124.html,2026-02-11 00:30:10,drawing book
JD.com,JD_SAMPLE_12_5,三星耳机型号6,3233,3879.0,4.5,11655,三星官方旗舰店,耳机,2026-02-11 00:30:10,,"{""品牌"": ""三星"", ""颜色"": ""白色"", ""内存"": ""8GB""}",https://via.placeholder.com/150?text=三星,https://item.jd.com/SAMPLE125.html,2026-02-11 00:30:10,drawing book
JD.com,JD_SAMPLE_12_6,苹果手机型号7,6287,7544.0,4.6,89111,苹果官方旗舰店,手机,2026-02-11 00:30:10,,"{""品牌"": ""苹果"", ""颜色"": ""白色"", ""内存"": ""12GB""}",https://via.placeholder.com/150?text=苹果,https://item.jd.com/SAMPLE126.html,2026-02-11 00:30:10,drawing book
JD.com,JD_SAMPLE_12_7,小米手表型号8,2527,3032.0,3.8,27337,小米官方旗舰店,手表,2026-02-11 00:30:10,,"{""品牌"": ""小米"", ""颜色"": ""黑色"", ""内存"": ""8GB""}",https://via.placeholder.com/150?text=小米,https://item.jd.com/SAMPLE127.html,2026-02-11 00:30:10,drawing book
JD.com,JD_SAMPLE_13_0,戴尔平板型号1,7874,9448.0,4.1,53800,戴尔官方旗舰店,平板,2026-02-11 00:30:10,,"{""品牌"": ""戴尔"", ""颜色"": ""白色"", ""内存"": ""16GB""}",https://via.placeholder.com/150?text=戴尔,https://item.jd.com/SAMPLE130.html,2026-02-11 00:30:10,drawing book
JD.com,JD_SAMPLE_13_1,戴尔手表型号2,4525,5430.0,4.7,42762,戴尔官方旗舰店,手表,2026-02-11 00:30:10,,"{""品牌"": ""戴尔"", ""颜色"": ""白色"", ""内存"": ""8GB""}",https://via.placeholder.com/150?text=戴尔,https://item.jd.com/SAMPLE131.html,2026-02-11 00:30:10,drawing book
JD.com,JD_SAMPLE_13_2,联想平板型号3,9801,11761.0,4.2,79353,联想官方旗舰店,平板,2026-02-11 00:30:10,,"{""品牌"": ""联想"", ""颜色"": ""白色"", ""内存"": ""8GB""}",https://via.placeholder.com/150?text=联想,https://item.jd.com/SAMPLE132.html,2026-02-11 00:30:10,drawing book
JD.com,JD_SAMPLE_13_3,华为笔记本型号4,3400,4080.0,4.3,53610,华为官方旗舰店,笔记本,2026-02-11 00:30:10,,"{""品牌"": ""华为"", ""颜色"": ""黑色"", ""内存"": ""12GB""}",https://via.placeholder.com/150?text=华为,https://item.jd.com/SAMPLE133.html,2026-02-11 00:30:10,drawing book
JD.com,JD_SAMPLE_13_4,三星耳机型号5,8972,10766.0,4.7,11369,三星官方旗舰店,耳机,2026-02-11 00:30:10,,"{""品牌"": ""三星"", ""颜色"": ""白色"", ""内存"": ""16GB""}",https://via.placeholder.com/150?text=三星,https://item.jd.com/SAMPLE134.html,2026-02-11 00:30:10,drawing book
JD.com,JD_SAMPLE_13_5,小米耳机型号6,2909,3490.0,3.9,47802,小米官方旗舰店,耳机,2026-02-11 00:30:10,,"{""品牌"": ""小米"", ""颜色"": ""蓝色"", ""内存"": ""16GB""}",https://via.placeholder.com/150?text=小米,https://item.jd.com/SAMPLE135.html,2026-02-11 00:30:10,drawing book
JD.com,JD_SAMPLE_13_6,小米手机型号7,5719,6862.0,4.5,46370,小米官方旗舰店,手机,2026-02-11 00:30:10,,"{""品牌"": ""小米"", ""颜色"": ""蓝色"", ""内存"": ""16GB""}",https://via.placeholder.com/150?text=小米,https://item.jd.com/SAMPLE136.html,2026-02-11 00:30:10,drawing book
JD.com,JD_SAMPLE_13_7,三星耳机型号8,1148,1377.0,4.8,65106,三星官方旗舰店,耳机,2026-02-11 00:30:10,,"{""品牌"": ""三星"", ""颜色"": ""白色"", ""内存"": ""16GB""}",https://via.placeholder.com/150?text=三星,https://item.jd.com/SAMPLE137.html,2026-02-11 00:30:10,drawing book
